N,Forward,Backward,Random
128,8.75,8.75,8.74
132,8.75,8.75,8.74
136,8.74,8.74,8.74
140,8.74,8.74,8.74
144,8.74,8.74,8.75
148,8.75,8.75,8.75
152,14.32,8.75,8.75
156,8.75,8.75,8.75
160,8.75,8.75,8.75
164,8.75,8.75,8.75
168,8.75,8.75,8.75
172,8.75,8.75,8.75
176,8.75,8.75,8.75
180,8.75,8.75,8.75
184,8.75,8.75,8.75
188,8.75,8.75,8.75
192,8.75,8.75,8.75
196,8.75,8.75,8.75
200,8.75,8.75,8.75
204,8.75,8.75,8.75
208,8.75,8.75,8.75
212,8.75,8.75,8.75
216,8.75,8.75,8.75
220,8.75,8.75,8.75
224,8.75,8.75,8.75
228,8.75,8.75,8.75
232,8.75,8.75,9.67
236,8.75,8.75,8.75
240,8.75,8.75,8.75
244,8.75,8.75,8.75
248,8.75,8.75,8.75
252,8.75,8.75,8.75
256,8.75,8.75,8.75
260,8.75,8.75,8.75
264,8.75,8.75,8.75
268,8.75,8.75,8.75
272,8.75,8.75,8.75
276,8.75,8.75,8.75
280,8.75,8.75,8.75
284,8.75,8.75,8.75
288,8.75,8.75,8.75
292,8.75,8.75,8.75
296,9.27,8.75,8.75
300,8.75,8.75,8.75
304,8.75,8.75,8.75
308,8.75,8.75,8.75
312,8.75,8.75,8.75
316,8.75,8.75,8.75
320,8.75,8.75,8.75
324,8.75,8.75,8.75
328,8.75,8.75,8.75
332,8.75,8.75,8.75
336,8.75,8.75,8.75
340,8.75,8.75,8.75
344,8.75,8.75,11.69
348,5.00,5.00,5.00
352,5.00,5.00,5.00
356,5.00,5.00,5.00
360,5.00,5.00,5.00
364,5.00,5.00,5.00
368,5.00,5.00,5.00
372,5.00,5.00,5.00
376,5.00,5.00,5.00
380,5.00,5.00,5.00
384,5.00,5.00,5.00
388,5.00,5.00,5.00
392,5.00,5.00,5.00
396,5.00,5.00,5.00
400,5.00,5.00,5.00
404,5.00,5.00,5.00
408,5.00,5.00,5.00
412,5.00,5.00,5.00
416,5.00,5.00,5.25
420,5.00,5.00,5.00
424,5.00,5.00,5.00
428,5.00,5.00,5.00
432,5.00,5.00,5.00
436,5.00,5.00,5.00
440,5.00,5.00,5.00
444,5.00,5.00,5.00
448,5.00,5.00,5.00
452,5.00,5.00,5.00
456,5.00,5.00,5.00
460,5.00,5.00,5.00
464,5.00,5.00,5.00
468,5.00,5.00,5.00
472,5.00,5.00,5.00
476,5.00,5.00,5.00
480,5.00,5.00,5.18
484,5.00,5.00,5.00
488,5.00,5.00,5.00
492,5.00,5.00,5.00
496,5.00,5.00,5.00
500,5.00,5.00,5.00
504,5.00,5.00,5.00
508,5.00,5.00,5.00
512,5.00,5.00,5.00
516,5.00,5.00,5.00
520,5.00,5.00,5.00
524,5.00,5.00,5.00
528,5.00,5.00,5.00
532,5.00,5.00,5.00
536,5.00,5.47,5.00
540,5.00,5.00,5.00
544,5.00,5.00,5.00
548,5.00,5.00,5.00
552,5.00,5.00,5.00
556,5.00,5.00,5.00
560,5.00,5.00,5.00
564,5.00,5.00,5.00
568,5.00,5.00,5.00
572,5.00,5.00,5.00
576,5.00,5.00,5.00
580,5.00,5.00,5.00
584,5.00,5.00,5.00
588,5.14,5.00,5.00
592,5.00,5.00,5.00
596,5.00,5.00,5.00
600,5.00,5.00,5.00
604,5.00,5.00,5.00
608,5.00,5.00,5.00
612,5.00,5.00,5.00
616,5.00,5.00,5.00
620,5.00,5.00,5.00
624,5.00,5.00,5.00
628,5.00,5.00,5.00
632,5.00,5.00,5.11
636,5.00,5.00,5.00
640,5.00,5.00,5.00
644,5.00,5.00,5.00
648,5.00,5.00,5.00
652,5.00,5.00,5.00
656,5.00,5.00,5.00
660,5.00,5.00,5.00
664,5.00,5.00,5.00
668,5.00,5.00,5.00
672,5.00,5.00,5.00
676,5.00,5.27,5.00
680,5.00,5.00,5.00
684,5.00,5.00,5.00
688,5.00,5.00,5.00
692,5.00,5.00,5.00
696,5.00,5.00,5.00
700,5.00,5.00,5.00
704,5.00,5.00,5.00
708,5.00,5.00,5.00
712,5.00,5.00,5.00
716,5.00,5.00,5.11
720,5.00,5.00,5.00
724,5.00,5.00,5.00
728,5.00,5.00,5.00
732,5.00,5.00,5.00
736,5.00,5.00,5.00
740,5.00,5.00,5.00
744,5.00,5.00,5.00
748,5.00,5.00,5.00
752,5.00,5.00,5.00
756,5.00,5.09,5.00
760,5.00,5.00,5.00
764,5.00,5.00,5.00
768,5.00,5.00,5.00
772,5.00,5.00,5.00
776,5.00,5.00,5.00
780,5.00,5.00,5.00
784,5.00,5.00,5.00
788,5.00,5.00,5.00
792,5.00,5.23,5.00
796,5.00,5.00,5.00
800,5.00,5.00,5.00
804,5.00,5.00,5.00
808,5.00,5.00,5.00
812,5.00,5.00,5.00
816,5.00,5.00,5.00
820,5.00,5.00,5.00
824,5.00,5.00,5.00
828,5.12,5.00,5.00
832,5.00,5.00,5.00
836,5.00,5.00,5.00
840,5.00,5.00,5.00
844,5.00,5.00,5.00
848,5.00,5.00,5.00
852,5.00,5.00,5.00
856,5.00,5.00,5.00
860,5.00,5.00,5.09
864,5.00,5.00,5.00
868,5.00,5.00,5.00
872,5.00,5.00,5.00
876,5.00,5.00,5.00
880,5.00,5.00,5.00
884,5.00,5.00,5.00
888,5.00,5.00,5.00
892,5.00,5.00,5.29
896,5.00,5.00,5.00
900,5.00,5.00,5.00
904,5.00,5.00,5.00
908,5.00,5.00,5.00
912,5.00,5.00,5.00
916,5.00,5.00,5.00
920,5.00,5.00,5.00
924,5.00,5.09,5.00
928,5.00,5.00,5.00
932,5.00,5.00,5.00
936,5.00,5.00,5.00
940,5.00,5.00,5.00
944,5.00,5.00,5.00
948,5.00,5.00,5.00
952,5.00,5.00,5.00
956,5.10,5.00,5.00
960,5.00,5.00,5.00
964,5.00,5.00,5.00
968,5.00,5.00,5.00
972,5.00,5.00,5.00
976,5.00,5.00,5.00
980,5.00,5.00,5.00
984,5.00,5.19,5.00
988,5.00,5.00,5.00
992,5.00,5.00,5.00
996,5.00,5.00,5.00
1000,5.00,5.00,5.00
1004,5.00,5.00,5.00
1008,5.00,5.00,5.00
1012,5.00,5.12,5.00
1016,5.00,5.00,5.00
1020,5.00,5.00,5.00
1024,5.00,5.00,5.00
1028,5.00,5.00,5.00
1032,5.00,5.00,5.00
1036,5.00,5.00,5.00
1040,5.00,5.00,5.00
1044,5.00,5.00,5.00
1048,5.00,5.00,5.00
1052,5.00,5.13,5.00
1056,5.00,5.00,5.00
1060,5.00,5.00,5.00
1064,5.00,5.00,5.00
1068,5.00,5.00,5.00
1072,5.00,5.00,5.00
1076,5.00,5.00,5.00
1080,5.00,5.00,5.00
1084,5.00,5.00,5.00
1088,5.00,5.00,5.00
1092,5.00,5.00,5.00
1096,5.00,5.00,5.00
1100,5.00,5.00,5.45
1104,5.00,5.00,5.00
1108,5.00,5.00,5.00
1112,5.00,5.00,5.00
1116,5.00,5.00,5.00
1120,5.00,5.00,5.00
1124,5.00,5.00,5.00
1128,5.00,5.00,5.00
1132,5.00,5.00,5.00
1136,5.00,5.00,5.00
1140,5.00,5.00,5.00
1144,5.00,5.00,5.00
1148,5.00,5.00,5.13
1152,5.00,5.00,5.00
1156,5.00,5.00,5.00
1160,5.00,5.00,5.00
1164,5.00,5.00,5.00
1168,5.00,5.00,5.00
1172,5.00,5.00,5.00
1176,5.00,5.00,5.00
1180,5.00,5.00,5.00
1184,5.00,5.00,5.00
1188,5.00,5.00,5.00
1192,5.00,5.00,5.00
1196,5.00,5.15,5.00
1200,5.00,5.00,5.00
1204,5.00,5.00,5.00
1208,5.00,5.00,5.00
1212,5.00,5.00,5.00
1216,5.00,5.00,5.00
1220,5.00,5.00,5.00
1224,5.00,5.00,5.00
1228,5.00,5.00,5.00
1232,5.00,5.00,5.00
1236,5.00,5.00,5.00
1240,5.00,5.37,5.00
1244,5.00,5.00,5.00
1248,5.00,5.00,5.00
1252,5.00,5.00,5.00
1256,5.00,5.00,5.00
1260,5.00,5.00,5.00
1264,5.00,5.00,5.00
1268,5.00,5.00,5.00
1272,5.00,5.00,5.00
1276,5.00,5.00,5.00
1280,5.00,5.00,5.00
1284,5.12,5.00,5.00
1288,5.00,5.00,5.00
1292,5.00,5.00,5.00
1296,5.00,5.00,5.00
1300,5.00,5.00,5.00
1304,5.00,5.00,5.00
1308,5.00,5.00,5.00
1312,5.00,5.00,5.00
1316,5.00,5.00,5.00
1320,5.00,5.00,5.00
1324,5.00,5.00,5.23
1328,5.00,5.00,5.00
1332,5.00,5.00,5.00
1336,5.00,5.00,5.00
1340,5.00,5.00,5.00
1344,5.00,5.00,5.00
1348,5.00,5.00,5.00
1352,5.00,5.00,5.00
1356,5.00,5.00,5.00
1360,5.00,5.00,5.00
1364,5.00,5.00,5.00
1368,5.00,5.00,5.00
1372,5.00,5.00,5.00
1376,5.00,5.00,5.00
1380,5.00,5.00,5.00
1384,5.00,5.00,5.00
1388,5.00,5.00,5.00
1392,5.00,5.00,5.00
1396,5.00,5.00,5.00
1400,5.00,5.00,5.00
1404,5.00,5.11,5.00
1408,5.00,5.00,5.00
1412,5.00,5.00,5.00
1416,5.00,5.00,5.00
1420,5.00,5.00,5.00
1424,5.00,5.00,5.00
1428,5.00,5.00,5.00
1432,5.00,5.00,5.00
1436,5.00,5.00,5.00
1440,5.00,5.00,5.09
1444,5.00,5.00,5.00
1448,5.00,5.00,5.00
1452,5.00,5.00,5.00
1456,5.00,5.00,5.00
1460,5.00,5.00,5.00
1464,5.00,5.00,5.00
1468,5.00,5.00,5.00
1472,5.00,5.00,5.00
1476,5.00,5.00,5.00
1480,5.31,5.00,5.00
1484,5.00,5.00,5.00
1488,5.00,5.00,5.00
1492,5.00,5.00,5.00
1496,5.00,5.00,5.00
1500,5.00,5.00,5.00
1504,5.00,5.00,5.00
1508,5.00,5.00,5.00
1512,5.00,5.00,5.00
1516,5.11,5.00,5.00
1520,5.00,5.00,5.00
1524,5.00,5.00,5.00
1528,5.00,5.00,5.00
1532,5.00,5.00,5.00
1536,5.00,5.00,5.00
1540,5.00,5.00,5.00
1544,5.00,5.00,5.00
1548,5.00,5.00,5.00
1552,5.10,5.00,5.00
1556,5.00,5.00,5.00
1560,5.00,5.00,5.00
1564,5.00,5.00,5.00
1568,5.00,5.00,5.00
1572,5.00,5.00,5.00
1576,5.00,5.00,5.00
1580,5.00,5.00,5.00
1584,5.00,5.00,5.26
1588,5.00,5.00,5.00
1592,5.00,5.00,5.00
1596,5.00,5.00,5.00
1600,5.00,5.00,5.00
1604,5.00,5.00,5.00
1608,5.00,5.00,5.00
1612,5.00,5.00,5.00
1616,5.00,5.00,5.00
1620,5.09,5.00,5.00
1624,5.00,5.00,5.00
1628,5.00,5.00,5.00
1632,5.00,5.00,5.00
1636,5.00,5.00,5.00
1640,5.00,5.00,5.00
1644,5.00,5.00,5.00
1648,5.00,5.00,5.00
1652,5.00,5.08,5.00
1656,5.00,5.00,5.00
1660,5.00,5.00,5.00
1664,5.00,5.00,5.00
1668,5.00,5.00,5.00
1672,5.00,5.00,5.00
1676,5.00,5.00,5.00
1680,5.00,5.00,5.00
1684,5.00,5.21,5.00
1688,5.00,5.00,5.00
1692,5.00,5.00,5.00
1696,5.00,5.00,5.00
1700,5.00,5.00,5.00
1704,5.00,5.00,5.00
1708,5.00,5.00,5.00
1712,5.00,5.00,5.00
1716,5.00,5.09,5.00
1720,5.00,5.00,5.00
1724,5.00,5.00,5.00
1728,5.00,5.00,5.00
1732,5.00,5.00,5.00
1736,5.00,5.00,5.00
1740,5.00,5.00,5.00
1744,5.00,5.00,5.00
1748,5.07,5.00,5.00
1752,5.00,5.00,5.00
1756,5.00,5.00,5.00
1760,5.00,5.00,5.00
1764,5.00,5.00,5.00
1768,5.00,5.00,5.00
1772,5.00,5.00,5.00
1776,5.00,5.00,5.20
1780,5.00,5.00,5.00
1784,5.00,5.00,5.00
1788,5.00,5.00,5.00
1792,5.00,5.00,5.00
1796,5.00,5.00,5.00
1800,5.00,5.00,5.00
1804,5.00,5.00,5.00
1808,5.00,5.13,5.00
1812,5.00,5.00,5.00
1816,5.00,5.00,5.00
1820,5.00,5.00,5.00
1824,5.00,5.00,5.00
1828,5.00,5.00,5.00
1832,5.00,5.00,5.00
1836,5.00,5.00,5.09
1840,5.00,5.00,5.00
1844,5.00,5.00,5.00
1848,5.00,5.00,5.00
1852,5.00,5.00,5.00
1856,5.00,5.00,5.00
1860,5.00,5.00,5.00
1864,5.00,5.00,5.00
1868,5.26,5.00,5.00
1872,5.00,5.00,5.00
1876,5.00,5.00,5.00
1880,5.00,5.00,5.00
1884,5.00,5.00,5.00
1888,5.00,5.00,5.00
1892,5.00,5.00,5.00
1896,5.00,5.08,5.00
1900,5.00,5.00,5.00
1904,5.00,5.00,5.00
1908,5.00,5.00,5.00
1912,5.00,5.00,5.00
1916,5.00,5.00,5.00
1920,5.00,5.00,5.00
1924,5.00,5.07,5.00
1928,5.00,5.00,5.00
1932,5.00,5.00,5.00
1936,5.00,5.00,5.00
1940,5.00,5.00,5.00
1944,5.00,5.00,5.00
1948,5.00,5.00,5.00
1952,5.00,5.24,5.00
1956,5.00,5.00,5.00
1960,5.00,5.00,5.00
1964,5.00,5.00,5.00
1968,5.00,5.00,5.00
1972,5.00,5.00,5.00
1976,5.00,5.00,5.00
1980,5.00,5.08,5.00
1984,5.00,5.00,5.00
1988,5.00,5.00,5.00
1992,5.00,5.00,5.00
1996,5.00,5.00,5.00
2000,5.00,5.00,5.00
2004,5.00,5.00,5.00
2008,5.07,5.00,5.00
2012,5.00,5.00,5.00
2016,5.00,5.00,5.00
2020,5.00,5.00,5.00
2024,5.00,5.00,5.00
2028,5.00,5.00,5.00
2032,5.00,5.00,5.18
2036,5.00,5.00,5.00
2040,5.00,5.00,5.00
2044,5.00,5.00,5.00
2048,5.00,5.00,5.00
2056,5.00,5.00,5.00
2064,5.00,5.00,5.00
2072,5.00,5.11,5.00
2080,5.00,5.00,5.00
2088,5.00,5.00,5.00
2096,5.00,5.00,5.00
2104,5.00,5.00,5.00
2112,5.00,5.00,5.00
2120,5.00,5.00,5.07
2128,5.00,5.00,5.00
2136,5.00,5.00,5.00
2144,5.00,5.00,5.00
2152,5.00,5.00,5.00
2160,5.00,5.00,5.00
2168,5.00,5.00,5.00
2176,5.19,5.00,5.00
2184,5.00,5.00,5.00
2192,5.00,5.00,5.00
2200,5.00,5.00,5.00
2208,5.00,5.00,5.00
2216,5.00,5.00,5.00
2224,5.00,5.00,5.00
2232,5.00,5.00,5.00
2240,5.00,5.00,5.00
2248,5.00,5.00,5.00
2256,5.00,5.00,5.00
2264,5.00,5.00,5.00
2272,5.00,5.06,5.00
2280,5.00,5.00,5.00
2288,5.00,5.00,5.00
2296,5.00,5.00,5.00
2304,5.00,5.00,5.00
2312,5.00,5.00,5.00
2320,5.16,5.00,5.00
2328,5.00,5.00,5.00
2336,5.00,5.00,5.00
2344,5.00,5.00,5.00
2352,5.00,5.00,5.00
2360,5.00,5.00,5.00
2368,5.06,5.00,5.00
2376,5.00,5.00,5.00
2384,5.00,5.00,5.00
2392,5.00,5.00,5.00
2400,5.00,5.00,5.00
2408,5.00,5.00,5.05
2416,5.00,5.00,5.00
2424,5.00,5.00,5.00
2432,5.00,5.00,5.00
2440,5.00,5.00,5.00
2448,5.00,5.00,5.00
2456,5.14,5.00,5.00
2464,5.00,5.00,5.00
2472,5.00,5.00,5.00
2480,5.00,5.00,5.00
2488,5.00,5.00,5.00
2496,5.00,5.00,5.06
2504,5.00,5.00,5.00
2512,5.00,5.00,5.00
2520,5.00,5.00,5.00
2528,5.00,5.00,5.00
2536,5.00,5.00,5.00
2544,5.08,5.00,5.00
2552,5.00,5.00,5.00
2560,5.00,5.00,5.00
2568,5.00,5.00,5.00
2576,5.00,5.00,5.00
2584,5.00,5.20,5.00
2592,5.00,5.00,5.00
2600,5.00,5.00,5.00
2608,5.00,5.00,5.00
2616,5.00,5.00,5.00
2624,5.00,5.06,5.00
2632,5.00,5.00,5.00
2640,5.00,5.00,5.00
2648,5.00,5.00,5.00
2656,5.00,5.00,5.00
2664,5.00,5.00,5.06
2672,5.00,5.00,5.00
2680,5.00,5.00,5.00
2688,5.00,5.00,5.00
2696,5.00,5.00,5.00
2704,5.00,5.00,5.13
2712,5.00,5.00,5.00
2720,5.00,5.00,5.00
2728,5.00,5.00,5.00
2736,5.00,5.00,5.00
2744,5.00,5.00,5.06
2752,5.00,5.00,5.00
2760,5.00,5.00,5.00
2768,5.00,5.00,5.00
2776,5.00,5.00,5.00
2784,5.00,5.05,5.00
2792,5.00,5.00,5.00
2800,5.00,5.00,5.00
2808,5.00,5.00,5.00
2816,5.00,5.00,5.00
2824,5.00,5.12,5.00
2832,5.00,5.00,5.00
2840,5.00,5.00,5.00
2848,5.00,5.00,5.00
2856,5.00,5.00,5.00
2864,5.05,5.00,5.00
2872,5.00,5.00,5.00
2880,5.00,5.00,5.00
2888,5.00,5.00,5.00
2896,5.00,5.00,5.05
2904,5.00,5.00,5.00
2912,5.00,5.00,5.00
2920,5.00,5.00,5.00
2928,5.00,5.00,5.00
2936,5.00,5.14,5.00
2944,5.00,5.00,5.00
2952,5.00,5.00,5.00
2960,5.00,5.00,5.00
2968,5.00,5.00,5.00
2976,5.05,5.00,5.00
2984,5.00,5.00,5.00
2992,5.00,5.00,5.00
3000,5.00,5.00,5.00
3008,5.00,5.04,5.00
3016,5.00,5.00,5.00
3024,5.00,5.00,5.00
3032,5.00,5.00,5.00
3040,5.00,5.00,5.00
3048,5.11,5.00,5.00
3056,5.00,5.00,5.00
3064,5.00,5.00,5.00
3072,5.00,5.00,5.00
3080,5.00,5.05,5.00
3088,5.00,5.00,5.00
3096,5.00,5.00,5.00
3104,5.00,5.00,5.00
3112,5.00,5.00,5.04
3120,5.00,5.00,5.00
3128,5.00,5.00,5.00
3136,5.00,5.00,5.00
3144,5.00,5.00,5.00
3152,5.14,5.00,5.00
3160,5.00,5.00,5.00
3168,5.00,5.00,5.00
3176,5.00,5.00,5.00
3184,5.00,5.05,5.00
3192,5.00,5.00,5.00
3200,5.00,5.00,5.00
3208,5.00,5.00,5.00
3216,5.00,5.00,5.07
3224,5.00,5.00,5.00
3232,5.00,5.00,5.00
3240,5.00,5.00,5.00
3248,5.00,5.00,5.16
3256,5.00,5.00,5.00
3264,5.00,5.00,5.00
3272,5.00,5.00,5.00
3280,5.00,5.00,5.00
3288,5.00,5.00,5.00
3296,5.00,5.00,5.00
3304,5.00,5.00,5.00
3312,5.00,5.00,5.00
3320,5.04,5.00,5.00
3328,5.00,5.00,5.00
3336,5.00,5.00,5.00
3344,5.00,5.00,5.00
3352,5.11,5.00,5.00
3360,5.00,5.00,5.00
3368,5.00,5.00,5.00
3376,5.00,5.00,5.00
3384,5.04,5.00,5.00
3392,5.00,5.00,5.00
3400,5.00,5.00,5.00
3408,5.00,5.00,5.00
3416,5.04,5.00,5.00
3424,5.00,5.00,5.00
3432,5.00,5.00,5.00
3440,5.00,5.00,5.00
3448,5.10,5.00,5.00
3456,5.00,5.00,5.00
3464,5.00,5.00,5.00
3472,5.00,5.00,5.00
3480,5.05,5.00,5.00
3488,5.00,5.00,5.00
3496,5.00,5.00,5.00
3504,5.00,5.00,5.05
3512,5.00,5.00,5.00
3520,5.00,5.00,5.00
3528,5.00,5.00,5.00
3536,5.00,5.00,5.10
3544,5.00,5.00,5.00
3552,5.00,5.00,5.00
3560,5.00,5.00,5.00
3568,5.00,5.04,5.00
3576,5.00,5.00,5.00
3584,5.00,5.00,5.00
3592,5.00,5.00,5.00
3600,5.00,5.04,5.00
3608,5.00,5.00,5.00
3616,5.00,5.00,5.00
3624,5.00,5.00,5.00
3632,5.13,5.00,5.00
3640,5.00,5.00,5.00
3648,5.00,5.00,5.00
3656,5.00,5.00,5.05
3664,5.00,5.00,5.00
3672,5.00,5.00,5.00
3680,5.00,5.00,5.00
3688,5.00,5.04,5.00
3696,5.00,5.00,5.00
3704,5.00,5.00,5.00
3712,5.00,5.00,5.00
3720,5.10,5.00,5.00
3728,5.00,5.00,5.00
3736,5.00,5.00,5.00
3744,5.00,5.00,5.05
3752,5.00,5.00,5.00
3760,5.00,5.00,5.00
3768,5.00,5.00,5.00
3776,5.00,5.05,5.00
3784,5.00,5.00,5.00
3792,5.00,5.00,5.00
3800,5.00,5.00,5.10
3808,5.00,5.00,5.00
3816,5.00,5.00,5.00
3824,5.00,5.00,5.00
3832,5.00,5.04,5.00
3840,5.00,5.00,5.00
3848,5.00,5.00,5.00
3856,5.00,5.00,5.00
3864,5.00,5.00,5.00
3872,5.00,5.00,5.00
3880,5.00,5.00,5.00
3888,5.00,5.09,5.00
3896,5.00,5.00,5.00
3904,5.00,5.00,5.00
3912,5.00,5.00,5.04
3920,5.00,5.00,5.00
3928,5.00,5.00,5.00
3936,5.00,5.00,5.00
3944,5.00,5.04,5.00
3952,5.00,5.00,5.00
3960,5.00,5.00,5.00
3968,5.00,5.00,5.09
3976,5.00,5.00,5.00
3984,5.00,5.00,5.00
3992,5.00,5.00,5.00
4000,5.04,5.00,5.00
4008,5.00,5.00,5.00
4016,5.00,5.00,5.00
4024,5.00,5.04,5.00
4032,5.00,5.00,5.00
4040,5.00,5.00,5.00
4048,5.00,5.00,5.11
4056,5.00,5.00,5.00
4064,5.00,5.00,5.00
4072,5.00,5.00,5.00
4080,5.04,5.00,5.00
4088,5.00,5.00,5.00
4096,5.00,5.00,5.00
4112,5.00,5.03,5.00
4128,5.00,5.00,5.00
4144,5.00,5.00,5.00
4160,5.00,5.00,5.09
4176,5.00,5.00,5.00
4192,5.00,5.00,5.00
4208,5.00,5.00,5.00
4224,5.04,5.00,5.00
4240,5.00,5.00,5.00
4256,5.00,5.00,5.00
4272,5.05,5.00,5.00
4288,5.00,5.00,5.00
4304,5.00,5.00,5.00
4320,5.00,5.09,5.00
4336,5.00,5.00,5.00
4352,5.00,5.00,5.00
4368,5.00,5.04,5.00
4384,5.00,5.00,5.00
4400,5.00,5.00,5.00
4416,5.00,5.04,5.00
4432,5.00,5.00,5.00
4448,5.00,5.00,5.00
4464,5.00,5.00,5.00
4480,5.00,5.00,5.00
4496,5.00,5.00,5.00
4512,5.00,5.00,5.00
4528,5.00,5.00,5.00
4544,5.00,5.00,5.00
4560,5.00,5.00,5.00
4576,5.00,5.00,5.00
4592,5.00,5.00,5.00
4608,5.00,5.08,5.00
4624,5.00,5.00,5.00
4640,5.00,5.00,5.00
4656,5.00,5.03,5.00
4672,5.00,5.00,5.00
4688,5.00,5.00,5.00
4704,5.00,5.03,5.00
4720,5.00,5.00,5.00
4736,5.00,5.00,5.00
4752,5.09,5.00,5.00
4768,5.00,5.00,5.00
4784,5.00,5.00,5.00
4800,5.06,5.00,5.00
4816,5.00,5.00,5.00
4832,5.00,5.00,5.04
4848,5.00,5.00,5.00
4864,5.00,5.00,5.00
4880,5.00,5.00,5.08
4896,5.00,5.00,5.00
4912,5.00,5.00,5.00
4928,5.00,5.04,5.00
4944,5.00,5.00,5.00
4960,5.00,5.00,5.00
4976,5.03,5.00,5.00
4992,5.00,5.00,5.00
5008,5.00,5.00,5.08
5024,5.00,5.00,5.00
5040,5.00,5.00,5.00
5056,5.00,5.03,5.00
5072,5.00,5.00,5.00
5088,5.00,5.00,5.00
5104,5.03,5.00,5.00
5120,5.00,5.00,5.00
5136,5.00,5.00,5.07
5152,5.00,5.00,5.00
5168,5.00,5.00,5.00
5184,5.00,5.03,5.00
5200,5.00,5.00,5.00
5216,5.00,5.00,5.00
5232,5.03,5.00,5.00
5248,5.00,5.00,5.00
5264,5.00,5.00,5.07
5280,5.00,5.00,5.00
5296,5.00,5.00,5.00
5312,5.03,5.00,5.00
5328,5.00,5.00,5.00
5344,5.00,5.00,5.03
5360,5.00,5.00,5.00
5376,5.00,5.00,5.00
5392,5.00,5.08,5.00
5408,5.00,5.00,5.00
5424,5.00,5.00,5.03
5440,5.00,5.00,5.00
5456,5.00,5.00,5.00
5472,5.00,5.02,5.00
5488,5.00,5.00,5.00
5504,5.00,5.00,5.07
5520,5.00,5.00,5.00
5536,5.00,5.00,5.00
5552,5.03,5.00,5.00
5568,5.00,5.00,5.00
5584,5.00,5.00,5.00
5600,5.00,5.00,5.00
5616,5.00,5.00,5.00
5632,5.09,5.00,5.00
5648,5.00,5.00,5.00
5664,5.00,5.03,5.00
5680,5.00,5.00,5.00
5696,5.00,5.00,5.02
5712,5.00,5.00,5.00
5728,5.00,5.00,5.00
5744,5.06,5.00,5.00
5760,5.00,5.00,5.00
5776,5.00,5.03,5.00
5792,5.00,5.00,5.00
5808,5.00,5.00,5.03
5824,5.00,5.00,5.00
5840,5.00,5.00,5.00
5856,5.06,5.00,5.00
5872,5.00,5.00,5.00
5888,5.00,5.03,5.00
5904,5.00,5.00,5.00
5920,5.00,5.00,5.03
5936,5.00,5.00,5.00
5952,5.00,5.00,5.00
5968,5.08,5.00,5.00
5984,5.00,5.00,5.00
6000,5.00,5.03,5.00
6016,5.00,5.00,5.00
6032,5.00,5.02,5.00
6048,5.00,5.00,5.00
6064,5.00,5.00,5.07
6080,5.00,5.00,5.00
6096,5.00,5.00,5.00
6112,5.03,5.00,5.00
6128,5.00,5.00,5.00
6144,5.02,5.00,5.00
6160,5.00,5.00,5.00
6176,5.00,5.06,5.00
6192,5.00,5.00,5.00
6208,5.00,5.00,5.00
6224,5.00,5.00,5.00
6240,5.00,5.00,5.02
6256,5.00,5.00,5.00
6272,5.00,5.00,5.00
6288,5.06,5.00,5.00
6304,5.00,5.00,5.00
6320,5.03,5.00,5.00
6336,5.00,5.00,5.00
6352,5.02,5.00,5.00
6368,5.00,5.00,5.00
6384,5.00,5.06,5.00
6400,5.00,5.00,5.00
6416,5.00,5.02,5.00
6432,5.00,5.00,5.00
6448,5.00,5.00,5.00
6464,5.00,5.00,5.00
6480,5.00,5.00,5.08
6496,5.00,5.00,5.00
6512,5.00,5.00,5.03
6528,5.00,5.00,5.00
6544,5.00,5.00,5.03
6560,5.00,5.00,5.00
6576,5.00,5.00,5.06
6592,5.00,5.00,5.00
6608,5.00,5.00,5.00
6624,5.00,5.00,5.00
6640,5.00,5.00,5.00
6656,5.02,5.00,5.00
6672,5.00,5.00,5.00
6688,5.05,5.00,5.00
6704,5.00,5.00,5.00
6720,5.02,5.00,5.00
6736,5.00,5.00,5.00
6752,5.03,5.00,5.00
6768,5.00,5.00,5.00
6784,5.06,5.00,5.00
6800,5.00,5.00,5.00
6816,5.03,5.00,5.00
6832,5.00,5.00,5.00
6848,5.02,5.00,5.00
6864,5.00,5.00,5.00
6880,5.05,5.00,5.00
6896,5.00,5.00,5.00
6912,5.02,5.00,5.00
6928,5.00,5.00,5.02
6944,5.00,5.00,5.00
6960,5.00,5.00,5.07
6976,5.00,5.00,5.00
6992,5.00,5.00,5.03
7008,5.00,5.00,5.00
7024,5.00,5.00,5.02
7040,5.00,5.00,5.00
7056,5.00,5.00,5.06
7072,5.00,5.00,5.00
7088,5.00,5.00,5.00
7104,5.00,5.00,5.00
7120,5.00,5.08,5.00
7136,5.00,5.00,5.00
7152,5.00,5.06,5.00
7168,5.00,5.00,5.00
7184,5.00,5.00,5.00
7200,5.00,5.00,5.00
7216,5.02,5.00,5.00
7232,5.00,5.00,5.00
7248,5.05,5.00,5.00
7264,5.00,5.00,5.04
7280,5.00,5.00,5.00
7296,5.00,5.00,5.02
7312,5.00,5.00,5.00
7328,5.00,5.00,5.00
7344,5.00,5.00,5.00
7360,5.00,5.03,5.00
7376,5.00,5.00,5.00
7392,5.00,5.02,5.00
7408,5.00,5.00,5.00
7424,5.06,5.00,5.00
7440,5.00,5.00,5.03
7456,5.00,5.00,5.00
7472,5.00,5.00,5.02
7488,5.00,5.00,5.00
7504,5.00,5.05,5.00
7520,5.00,5.00,5.01
7536,5.00,5.02,5.01
7552,5.00,5.00,5.00
7568,5.02,5.00,5.00
7584,5.00,5.00,5.06
7600,5.00,5.00,5.00
7616,5.00,5.00,5.08
7632,5.00,5.00,5.00
7648,5.00,5.02,5.00
7664,5.00,5.00,5.00
7680,5.05,5.00,5.00
7696,5.00,5.00,5.00
7712,5.02,5.00,5.00
7728,5.00,5.00,5.05
7744,5.00,5.00,5.00
7760,5.00,5.05,5.00
7776,5.00,5.00,5.02
7792,5.03,5.00,5.00
7808,5.00,5.00,5.00
7824,5.02,5.00,5.00
7840,5.00,5.00,5.07
7856,5.00,5.00,5.00
7872,5.00,5.03,5.00
7888,5.00,5.00,5.00
7904,5.02,5.00,5.00
7920,5.00,5.00,5.07
7936,5.00,5.00,5.01
7952,5.00,5.02,5.00
7968,5.00,5.00,5.00
7984,5.02,5.00,5.00
8000,5.00,5.00,5.00
8016,5.00,5.00,5.00
8032,5.00,5.00,5.01
8048,5.00,5.00,5.00
8064,5.00,5.02,5.02
8080,5.00,5.00,5.02
8096,5.05,5.00,5.01
8112,5.00,5.00,5.03
8128,5.00,5.00,5.00
8144,5.00,5.02,5.00
8160,5.00,5.00,5.00
8176,5.05,5.00,5.00
8192,5.00,5.00,5.18
8224,5.00,5.00,5.03
8256,5.00,5.00,5.06
8288,5.00,5.00,5.15
8320,5.00,5.00,5.11
8352,5.01,5.01,5.08
8384,5.01,5.01,5.15
8416,5.01,5.17,5.16
8448,5.01,5.01,5.21
8480,5.01,5.01,5.23
8512,5.01,5.01,5.32
8544,5.01,5.01,5.27
8576,5.01,5.01,5.00
8608,5.01,5.01,5.29
8640,5.01,5.05,5.31
8672,5.01,5.01,5.37
8704,5.01,5.01,5.09
8736,5.01,5.01,5.52
8768,5.01,5.01,5.41
8800,5.01,5.01,5.47
8832,5.01,5.01,5.47
8864,5.06,5.01,5.48
8896,5.01,5.01,5.39
8928,5.01,5.01,5.45
8960,5.01,5.01,5.57
8992,5.01,5.01,5.00
9024,5.01,5.01,5.62
9056,5.01,5.11,5.41
9088,5.01,5.01,5.52
9120,5.01,5.01,5.56
9152,5.01,5.01,5.74
9184,5.01,5.01,5.49
9216,5.01,5.01,5.68
9248,5.01,5.01,5.13
9280,5.01,5.01,5.77
9312,5.01,5.01,5.76
9344,5.01,5.01,5.85
9376,5.01,5.01,5.81
9408,5.01,5.01,5.22
9440,5.01,5.01,5.84
9472,5.01,5.01,5.33
9504,5.01,5.01,5.24
9536,5.01,5.01,5.92
9568,5.06,5.01,5.92
9600,5.01,5.01,5.95
9632,5.01,5.01,5.79
9664,5.01,5.01,6.00
9696,5.01,5.01,5.97
9728,5.01,5.01,6.08
9760,5.01,5.01,6.07
9792,5.01,5.01,6.03
9824,5.01,5.01,6.11
9856,5.01,5.01,6.12
9888,5.01,5.01,5.00
9920,5.01,5.01,6.25
9952,5.01,5.01,6.05
9984,5.01,5.01,5.00
10016,5.01,5.01,6.11
10048,5.01,5.01,6.15
10080,5.01,5.01,6.21
10112,5.01,5.04,6.23
10144,5.01,5.01,6.25
10176,5.01,5.01,5.40
10208,5.10,5.01,6.30
10240,5.01,5.01,6.26
10272,5.01,5.01,5.15
10304,5.01,5.01,6.21
10336,5.01,5.01,5.40
10368,5.01,5.01,6.31
10400,5.01,5.01,6.40
10432,5.01,5.01,6.36
10464,5.01,5.01,6.09
10496,5.01,5.01,6.41
10528,5.01,5.01,6.51
10560,5.01,5.01,6.47
10592,5.01,5.01,6.43
10624,5.01,5.05,6.32
10656,5.01,5.01,6.51
10688,5.01,5.01,6.49
10720,5.11,5.01,6.49
10752,5.01,5.01,6.50
10784,5.01,5.01,6.57
10816,5.01,5.01,6.22
10848,5.01,5.01,6.55
10880,5.04,5.01,6.45
10912,5.01,5.01,6.09
10944,5.01,5.01,6.66
10976,5.01,5.01,6.63
11008,5.01,5.01,6.67
11040,5.05,5.01,6.15
11072,5.01,5.01,6.52
11104,5.01,5.01,6.69
11136,5.01,5.01,6.71
11168,5.01,5.01,6.69
11200,5.11,5.01,6.27
11232,5.01,5.01,6.76
11264,5.01,5.01,6.72
11296,5.01,5.01,6.76
11328,5.01,5.01,5.00
11360,5.04,5.01,6.72
11392,5.01,5.01,5.68
11424,5.01,5.01,6.80
11456,5.01,5.01,6.57
11488,5.01,5.01,6.87
11520,5.01,5.01,6.85
11552,5.01,5.01,6.88
11584,5.04,5.01,6.88
11616,5.01,5.01,6.77
11648,5.01,5.01,6.98
11680,5.01,5.01,6.92
11712,5.01,5.01,6.82
11744,5.01,5.01,6.99
11776,5.01,5.01,6.97
11808,5.04,5.01,6.91
11840,5.01,5.01,7.01
11872,5.01,5.09,6.97
11904,5.01,5.01,6.98
11936,5.01,5.01,7.03
11968,5.01,5.01,7.00
12000,5.01,5.01,6.96
12032,5.01,5.01,7.02
12064,5.01,5.01,7.06
12096,5.08,5.01,7.07
12128,5.01,5.01,6.97
12160,5.01,5.04,7.12
12192,5.01,5.01,7.16
12224,5.01,5.01,6.41
12256,5.01,5.01,7.12
12288,5.01,5.01,7.23
12320,5.01,5.01,7.14
12352,5.01,5.01,7.18
12384,5.01,5.01,7.19
12416,5.01,5.01,7.17
12448,5.04,5.01,7.15
12480,5.01,5.01,6.87
12512,5.09,5.01,5.82
12544,5.01,5.01,7.19
12576,5.01,5.05,7.17
12608,5.01,5.01,5.02
12640,5.01,5.01,7.24
12672,5.01,5.01,7.17
12704,5.01,5.01,7.31
12736,5.01,5.01,7.24
12768,5.01,5.01,7.33
12800,5.01,5.01,7.17
12832,5.01,5.01,7.31
12864,5.01,5.01,7.30
12896,5.01,5.01,6.51
12928,5.01,5.01,7.34
12960,5.01,5.01,7.39
12992,5.01,5.01,7.32
13024,5.01,5.01,7.35
13056,5.01,5.01,7.38
13088,5.01,5.01,7.37
13120,5.01,5.01,6.32
13152,5.01,5.01,7.34
13184,5.04,5.01,7.37
13216,5.01,5.01,7.08
13248,5.03,5.01,7.39
13280,5.01,5.01,7.35
13312,5.09,5.01,7.46
13344,5.01,5.01,7.41
13376,5.01,5.01,7.46
13408,5.01,5.01,7.50
13440,5.01,5.01,7.49
13472,5.01,5.01,7.64
13504,5.01,5.01,7.46
13536,5.01,5.01,7.54
13568,5.01,5.01,7.43
13600,5.01,5.01,7.56
13632,5.01,5.01,7.59
13664,5.01,5.01,7.60
13696,5.01,5.01,6.26
13728,5.01,5.01,7.54
13760,5.01,5.01,7.52
13792,5.01,5.01,7.56
13824,5.01,5.01,5.47
13856,5.01,5.01,7.58
13888,5.01,5.01,7.63
13920,5.01,5.04,7.60
13952,5.01,5.01,7.61
13984,5.03,5.01,7.59
14016,5.01,5.01,7.60
14048,5.07,5.01,7.60
14080,5.01,5.01,7.63
14112,5.01,5.01,7.67
14144,5.01,5.01,7.63
14176,5.01,5.01,7.59
14208,5.01,5.01,5.60
14240,5.01,5.01,7.70
14272,5.01,5.01,6.19
14304,5.01,5.01,7.64
14336,5.01,5.03,7.70
14368,5.01,5.01,7.76
14400,5.07,5.01,7.71
14432,5.01,5.01,7.73
14464,5.04,5.01,7.68
14496,5.01,5.01,7.78
14528,5.01,5.01,7.76
14560,5.01,5.01,7.76
14592,5.01,5.01,7.79
14624,5.01,5.04,7.76
14656,5.01,5.01,6.74
14688,5.03,5.01,7.78
14720,5.01,5.01,5.07
14752,5.08,5.01,7.77
14784,5.01,5.01,7.85
14816,5.01,5.01,7.81
14848,5.01,5.01,7.79
14880,5.01,5.01,7.80
14912,5.01,5.01,7.84
14944,5.01,5.01,7.90
14976,5.01,5.01,7.85
15008,5.01,5.01,7.84
15040,5.01,5.01,7.83
15072,5.01,5.08,6.02
15104,5.01,5.01,7.95
15136,5.04,5.01,5.55
15168,5.01,5.01,7.93
15200,5.01,5.01,7.95
15232,5.01,5.01,5.63
15264,5.01,5.01,7.89
15296,5.01,5.03,7.90
15328,5.01,5.01,7.92
15360,5.03,5.01,8.00
15392,5.01,5.01,7.97
15424,5.01,5.01,7.91
15456,5.01,5.03,7.91
15488,5.01,5.01,7.98
15520,5.03,5.01,7.94
15552,5.01,5.01,8.10
15584,5.01,5.01,7.99
15616,5.01,5.03,7.96
15648,5.01,5.01,7.97
15680,5.03,5.01,8.02
15712,5.01,5.01,8.02
15744,5.01,5.01,8.04
15776,5.01,5.03,7.95
15808,5.01,5.01,8.03
15840,5.01,5.01,8.00
15872,5.01,5.10,8.02
15904,5.01,5.01,8.01
15936,5.04,5.01,8.01
15968,5.01,5.01,8.09
16000,5.01,5.01,8.03
16032,5.01,5.07,8.07
16064,5.01,5.01,8.11
16096,5.01,5.01,8.05
16128,5.01,5.03,8.08
16160,5.01,5.01,8.09
16192,5.01,5.01,8.03
16224,5.01,5.01,8.12
16256,5.01,5.01,8.15
16288,5.03,5.01,5.08
16320,5.01,5.01,8.14
16352,5.01,5.01,8.09
16384,5.01,5.03,8.12
16448,5.01,5.01,8.17
16512,5.01,5.01,7.50
16576,5.01,5.01,8.13
16640,5.01,5.01,8.16
16704,5.03,5.01,5.00
16768,5.01,5.01,5.43
16832,5.01,5.01,8.23
16896,5.01,5.09,7.74
16960,5.01,5.01,8.20
17024,5.01,5.01,8.22
17088,5.01,5.03,8.28
17152,5.01,5.01,8.36
17216,5.01,5.01,8.24
17280,5.01,5.01,8.30
17344,5.01,5.01,8.26
17408,5.01,5.01,8.28
17472,5.06,5.01,8.31
17536,5.01,5.01,8.31
17600,5.01,5.01,8.32
17664,5.01,5.01,8.31
17728,5.01,5.08,6.82
17792,5.01,5.01,8.35
17856,5.01,5.01,8.39
17920,5.01,5.03,8.36
17984,5.01,5.01,8.44
18048,5.01,5.01,8.42
18112,5.03,5.01,5.00
18176,5.01,5.01,5.02
18240,5.01,5.01,8.40
18304,5.07,5.01,8.48
18368,5.01,5.01,6.39
18432,5.01,5.01,8.46
18496,5.01,5.01,8.42
18560,5.01,5.07,8.41
18624,5.01,5.01,8.54
18688,5.01,5.01,8.40
18752,5.01,5.01,8.53
18816,5.01,5.07,8.40
18880,5.01,5.01,8.51
18944,5.01,5.01,8.56
19008,5.01,5.01,6.92
19072,5.01,5.06,8.52
19136,5.01,5.01,8.55
19200,5.01,5.01,8.60
19264,5.01,5.01,8.53
19328,5.01,5.01,8.56
19392,5.01,5.01,8.56
19456,5.01,5.01,8.57
19520,5.01,5.01,8.47
19584,5.07,5.01,8.61
19648,5.01,5.04,8.61
19712,5.01,5.01,8.70
19776,5.01,5.01,8.65
19840,5.01,5.01,5.18
19904,5.01,5.03,8.61
19968,5.01,5.01,8.64
20032,5.01,5.01,8.69
20096,5.01,5.01,8.75
20160,5.01,5.01,8.66
20224,5.02,5.01,8.67
20288,5.01,5.06,8.67
20352,5.01,5.01,8.68
20416,5.01,5.01,8.73
20480,5.01,5.01,8.73
20544,5.06,5.01,8.77
20608,5.01,5.01,8.75
20672,5.01,5.03,8.74
20736,5.01,5.01,8.81
20800,5.01,5.01,8.79
20864,5.01,5.01,8.80
20928,5.01,5.01,8.75
20992,5.05,5.01,8.76
21056,5.01,5.03,8.80
21120,5.01,5.01,8.73
21184,5.01,5.01,8.87
21248,5.01,5.01,8.81
21312,5.01,5.01,8.78
21376,5.01,5.01,8.81
21440,5.07,5.01,8.84
21504,5.01,5.03,8.83
21568,5.01,5.02,8.81
21632,5.01,5.01,8.84
21696,5.01,5.01,8.92
21760,5.01,5.01,8.83
21824,5.01,5.01,8.98
21888,5.01,5.01,8.87
21952,5.03,5.01,8.87
22016,5.03,5.01,8.89
22080,5.01,5.06,8.88
22144,5.01,5.03,8.85
22208,5.01,5.01,8.94
22272,5.01,5.01,8.91
22336,5.01,5.01,9.02
22400,5.01,5.01,8.96
22464,5.01,5.01,8.98
22528,5.01,5.01,8.93
22592,5.01,5.01,8.93
22656,5.01,5.01,8.86
22720,5.06,5.01,9.00
22784,5.03,5.01,8.97
22848,5.03,5.01,8.95
22912,5.01,5.07,8.99
22976,5.01,5.03,8.96
23040,5.01,5.03,8.95
23104,5.01,5.01,8.93
23168,5.01,5.01,8.96
23232,5.01,5.01,9.01
23296,5.01,5.01,9.10
23360,5.01,5.01,8.99
23424,5.01,5.01,9.01
23488,5.01,5.01,9.08
23552,5.01,5.01,8.93
23616,5.01,5.01,8.99
23680,5.01,5.01,9.09
23744,5.01,5.01,9.06
23808,5.01,5.01,9.04
23872,5.01,5.01,9.09
23936,5.01,5.01,9.05
24000,5.01,5.01,9.06
24064,5.01,5.01,9.09
24128,5.01,5.01,9.12
24192,5.01,5.01,9.14
24256,5.01,5.01,9.09
24320,5.01,5.03,9.11
24384,5.01,5.01,9.08
24448,5.01,5.01,9.09
24512,5.01,5.01,9.11
24576,5.01,5.01,9.10
24640,5.01,5.01,9.16
24704,5.01,5.02,9.10
24768,5.01,5.01,9.14
24832,5.03,5.01,9.20
24896,5.01,5.01,6.90
24960,5.01,5.01,9.16
25024,5.01,5.01,9.21
25088,5.01,5.01,9.24
25152,5.01,5.01,9.16
25216,5.01,5.01,9.21
25280,5.01,5.01,9.15
25344,5.01,5.01,9.20
25408,5.01,5.01,9.17
25472,5.01,5.01,9.18
25536,5.01,5.02,9.19
25600,5.01,5.05,9.15
25664,5.01,5.03,9.17
25728,5.01,5.03,9.18
25792,5.07,5.01,5.24
25856,5.01,5.03,9.19
25920,5.01,5.02,9.18
25984,5.06,5.01,9.21
26048,5.03,5.01,9.23
26112,5.02,5.01,9.27
26176,5.01,5.01,9.26
26240,5.01,5.01,9.22
26304,5.01,5.01,9.27
26368,5.01,5.01,9.23
26432,5.01,5.01,9.19
26496,5.01,5.01,9.19
26560,5.01,5.05,9.25
26624,5.01,5.03,9.25
26688,5.03,5.01,8.99
26752,5.05,5.01,9.26
26816,5.01,5.01,9.35
26880,5.01,5.01,9.36
26944,5.01,5.01,9.28
27008,5.01,5.01,9.29
27072,5.01,5.05,9.30
27136,5.01,5.03,9.29
27200,5.04,5.01,9.37
27264,5.06,5.01,9.33
27328,5.01,5.01,9.31
27392,5.01,5.01,9.34
27456,5.01,5.01,9.30
27520,5.01,5.01,9.32
27584,5.01,5.05,9.30
27648,5.02,5.01,9.29
27712,5.03,5.01,9.37
27776,5.01,5.01,9.41
27840,5.01,5.01,9.36
27904,5.01,5.01,9.39
27968,5.01,5.02,9.29
28032,5.01,5.01,9.30
28096,5.04,5.01,8.19
28160,4.38,4.38,8.14
28224,4.38,4.38,8.23
28288,4.38,4.38,8.21
28352,4.38,4.38,8.20
28416,4.38,4.38,8.23
28480,4.38,4.38,8.22
28544,4.38,4.38,8.22
28608,4.38,4.38,8.49
28672,4.38,4.38,8.25
28736,4.38,4.38,8.25
28800,4.38,4.38,8.19
28864,4.38,4.38,8.24
28928,4.38,4.39,8.21
28992,4.38,4.42,8.16
29056,4.38,4.40,8.21
29120,4.38,4.39,8.23
29184,4.42,4.38,8.20
29248,4.40,4.38,8.20
29312,4.40,4.38,8.26
29376,4.42,4.38,8.18
29440,4.38,4.38,8.24
29504,4.38,4.38,8.27
29568,4.38,4.38,8.18
29632,4.38,4.38,8.25
29696,4.38,4.38,8.31
29760,4.38,4.38,8.26
29824,4.38,4.40,8.25
29888,4.38,4.42,8.31
29952,4.38,4.38,8.25
30016,4.39,4.38,8.25
30080,4.41,4.38,8.32
30144,4.38,4.38,8.33
30208,4.38,4.38,4.41
30272,4.38,4.38,8.31
30336,4.38,4.38,8.29
30400,4.38,4.38,8.33
30464,4.38,4.38,8.30
30528,4.38,4.39,8.28
30592,4.38,4.41,8.32
30656,4.40,4.38,8.28
30720,4.39,4.38,8.27
30784,4.38,4.38,8.33
30848,4.38,4.38,8.31
30912,4.38,4.38,8.29
30976,4.38,4.38,6.77
31040,4.38,4.38,8.30
31104,4.38,4.42,8.30
31168,4.40,4.38,8.32
31232,4.39,4.38,8.38
31296,4.38,4.38,8.33
31360,4.38,4.38,8.36
31424,4.38,4.38,8.34
31488,4.38,4.40,8.35
31552,4.38,4.39,8.31
31616,4.41,4.38,8.36
31680,4.38,4.38,8.37
31744,4.38,4.38,8.38
31808,4.38,4.38,8.37
31872,4.38,4.40,8.32
31936,4.38,4.42,8.33
32000,4.40,4.38,8.36
32064,4.38,4.38,8.41
32128,4.38,4.38,8.42
32192,4.38,4.38,8.34
32256,4.38,4.41,8.26
32320,4.39,4.38,8.32
32384,4.39,4.38,8.50
32448,4.38,4.38,8.40
32512,4.38,4.38,8.38
32576,4.54,4.42,8.35
32640,4.40,4.38,8.38
32704,4.40,4.38,8.42
32768,4.38,4.38,8.39
32896,4.38,4.38,8.38
33024,4.38,4.43,8.40
33152,4.41,4.38,8.39
33280,4.38,4.38,8.46
33408,4.38,4.38,8.43
33536,4.38,4.39,8.41
33664,4.41,4.38,8.40
33792,4.38,4.38,8.39
33920,4.38,4.38,8.49
34048,4.38,4.40,8.41
34176,4.40,4.38,8.50
34304,4.38,4.38,8.50
34432,4.38,4.38,8.45
34560,4.38,4.41,8.45
34688,4.40,4.38,8.50
34816,4.38,4.38,8.49
34944,4.38,4.39,8.48
35072,4.39,4.38,8.47
35200,4.38,4.38,8.46
35328,4.38,4.38,8.47
35456,4.38,4.43,8.47
35584,4.40,4.38,8.51
35712,4.38,4.38,8.46
35840,4.38,4.40,8.50
35968,4.39,4.38,8.55
36096,4.38,4.38,8.51
36224,4.38,4.39,8.50
36352,4.41,4.38,8.55
36480,4.38,4.38,8.54
36608,4.38,4.38,8.54
36736,4.38,4.38,8.54
36864,4.38,4.41,8.52
36992,4.40,4.38,8.56
37120,4.38,4.38,8.64
37248,4.38,4.39,8.56
37376,4.39,4.38,8.58
37504,4.38,4.38,8.56
37632,4.39,4.38,8.60
37760,4.38,4.38,8.58
37888,4.38,4.39,8.54
38016,4.41,4.38,8.57
38144,4.38,4.38,8.56
38272,4.41,4.38,8.59
38400,4.38,4.38,8.56
38528,4.38,4.41,8.59
38656,4.38,4.38,8.59
38784,4.38,4.41,8.57
38912,4.39,4.38,8.57
39040,4.38,4.41,8.57
39168,4.40,4.38,8.63
39296,4.38,4.38,8.59
39424,4.39,4.38,8.63
39552,4.38,4.38,8.58
39680,4.39,4.38,8.67
39808,4.38,4.38,8.61
39936,4.39,4.38,8.63
40064,4.40,4.38,8.61
40192,4.40,4.38,8.79
40320,4.38,4.39,8.63
40448,4.43,4.38,5.30
40576,4.38,4.38,8.65
40704,4.38,4.40,8.61
40832,4.38,4.38,8.66
40960,4.38,4.40,8.66
41088,4.38,4.38,8.69
41216,4.38,4.40,8.67
41344,4.38,4.38,8.64
41472,4.40,4.38,8.71
41600,4.38,4.38,8.64
41728,4.39,4.38,8.70
41856,4.38,4.41,8.66
41984,4.39,4.38,8.67
42112,4.38,4.41,8.77
42240,4.38,4.38,8.67
42368,4.41,4.38,8.68
42496,4.38,4.39,8.70
42624,4.41,4.38,8.68
42752,4.38,4.39,8.72
42880,4.38,4.38,8.67
43008,4.39,4.38,8.73
43136,4.38,4.40,8.74
43264,4.40,4.38,8.75
43392,4.38,4.40,8.70
43520,4.38,4.38,8.30
43648,4.39,4.38,8.72
43776,4.38,4.41,8.74
43904,4.38,4.38,8.71
44032,4.41,4.38,8.74
44160,4.38,4.39,8.67
44288,4.38,4.38,8.76
44416,4.39,4.38,8.79
44544,4.38,4.40,8.71
44672,4.38,4.38,8.77
44800,4.39,4.38,8.74
44928,4.38,4.42,8.70
45056,4.38,4.38,8.72
45184,4.41,4.38,8.77
45312,4.38,4.39,8.77
45440,4.38,4.38,8.74
45568,4.39,4.38,8.79
45696,4.38,4.38,8.76
45824,4.38,4.41,8.77
45952,4.38,4.38,8.84
46080,4.42,4.38,8.76
46208,4.38,4.40,8.81
46336,4.38,4.39,8.75
46464,4.38,4.38,8.80
46592,4.39,4.38,8.77
46720,4.38,4.41,8.80
46848,4.38,4.40,8.77
46976,4.38,4.38,8.74
47104,4.39,4.38,8.83
47232,4.38,4.39,8.79
47360,4.38,4.41,8.80
47488,4.38,4.39,8.78
47616,4.41,4.38,8.80
47744,4.39,4.38,8.82
47872,4.38,4.39,8.81
48000,4.38,4.41,8.88
48128,4.38,4.38,8.78
48256,4.41,4.38,8.81
48384,4.39,4.38,8.85
48512,4.38,4.38,8.81
48640,4.38,4.41,8.82
48768,4.38,4.39,8.83
48896,4.38,4.38,8.80
49024,4.40,4.38,8.88
49152,4.39,4.38,8.82
49280,4.41,4.38,8.83
49408,4.38,4.39,8.87
49536,4.38,4.39,8.82
49664,4.38,4.41,8.83
49792,4.38,4.38,8.79
49920,4.38,4.38,8.84
50048,4.40,4.38,8.86
50176,4.39,4.38,8.82
50304,4.41,4.38,8.86
50432,4.38,4.38,8.87
50560,4.38,4.39,8.86
50688,4.38,4.40,8.85
50816,4.38,4.39,8.89
50944,4.38,4.39,8.86
51072,4.38,4.41,8.86
51200,4.38,4.38,8.82
51328,4.38,4.38,8.84
51456,4.40,4.38,8.91
51584,4.40,4.38,9.12
51712,4.42,4.38,9.30
51840,4.39,4.39,9.25
51968,4.40,4.38,9.40
52096,4.41,4.39,8.92
52224,4.42,4.39,9.55
52352,4.40,4.39,9.56
52480,4.41,4.39,9.56
52608,4.39,4.39,9.56
52736,4.39,4.39,9.59
52864,4.39,4.40,9.56
52992,4.39,4.41,9.17
53120,4.39,4.40,8.99
53248,4.39,4.40,4.52
53376,4.40,4.39,9.77
53504,4.40,4.39,8.84
53632,4.39,4.39,9.86
53760,4.39,4.42,9.75
53888,4.39,4.41,9.78
54016,4.39,4.40,9.73
54144,4.39,4.41,9.77
54272,4.40,4.39,9.76
54400,4.40,4.39,9.74
54528,4.51,4.39,9.72
54656,4.39,4.44,9.70
54784,4.39,4.41,9.78
54912,4.39,4.40,9.02
55040,4.39,4.39,6.31
55168,4.39,4.40,9.57
55296,4.39,4.40,9.74
55424,4.41,4.39,9.75
55552,4.40,4.39,9.92
55680,4.39,4.41,10.00
55808,4.39,4.40,9.96
55936,4.41,4.39,10.09
56064,4.40,4.39,8.91
56192,4.40,4.39,9.98
56320,4.39,4.40,10.31
56448,4.39,4.41,10.35
56576,4.41,4.39,10.50
56704,4.39,4.40,10.56
56832,4.39,4.40,10.61
56960,4.41,4.39,10.75
57088,4.39,4.42,10.81
57216,4.39,4.40,10.89
57344,4.41,4.40,10.85
57472,4.39,4.40,10.93
57600,4.42,4.39,10.94
57728,4.39,4.39,10.95
57856,4.39,4.40,10.99
57984,4.40,4.39,10.98
58112,4.39,4.40,10.96
58240,4.42,4.39,8.45
58368,4.40,4.39,8.98
58496,4.39,4.40,10.95
58624,4.40,4.39,11.00
58752,4.47,4.44,11.13
58880,4.39,4.41,11.16
59008,4.44,4.39,11.23
59136,4.39,4.42,11.40
59264,4.39,4.39,11.42
59392,4.40,4.39,11.47
59520,4.39,4.40,11.42
59648,4.42,4.39,11.53
59776,4.39,4.42,11.53
59904,4.40,4.39,11.49
60032,4.39,4.40,11.50
60160,4.40,4.39,8.92
60288,4.39,4.40,11.42
60416,4.41,4.39,11.52
60544,4.39,4.41,8.82
60672,4.40,4.39,11.56
60800,4.39,4.40,11.49
60928,4.40,4.39,11.48
61056,4.39,4.40,11.39
61184,4.39,4.40,11.49
61312,4.42,4.39,11.43
61440,4.39,4.41,11.44
61568,4.40,4.39,11.29
61696,4.40,4.39,11.57
61824,4.39,4.40,11.54
61952,4.41,4.39,11.70
62080,4.39,4.39,11.82
62208,4.39,4.40,10.45
62336,4.41,4.39,11.82
62464,4.39,4.41,11.82
62592,4.39,4.41,11.96
62720,4.41,4.39,12.04
62848,4.40,4.39,12.23
62976,4.39,4.40,12.15
63104,4.39,4.40,12.21
63232,4.40,4.40,12.30
63360,4.40,4.39,12.41
63488,4.40,4.39,12.51
63616,4.39,4.40,12.51
63744,4.39,4.40,12.42
63872,4.39,4.40,12.61
64000,4.41,4.40,12.66
64128,4.41,4.39,12.72
64256,4.41,4.39,12.75
64384,4.41,4.39,12.88
64512,4.41,4.39,12.95
64640,4.41,4.39,13.04
64768,4.42,4.39,13.03
64896,4.39,4.39,13.00
65024,4.39,4.41,12.98
65152,4.39,4.41,13.02
65280,4.39,4.41,12.91
65408,4.39,4.41,13.03
65536,4.39,4.41,13.09
65792,4.40,4.39,11.58
66048,4.42,4.40,13.22
66304,4.40,4.40,6.84
66560,4.40,4.40,13.54
66816,4.45,4.40,14.51
67072,4.40,4.41,13.95
67328,4.40,4.42,13.86
67584,4.40,4.40,14.21
67840,4.40,4.40,12.23
68096,4.44,4.40,14.13
68352,4.42,4.40,13.37
68608,4.40,4.42,14.17
68864,4.40,4.44,10.99
69120,4.40,4.40,14.24
69376,4.40,4.40,14.30
69632,4.42,4.40,14.52
69888,4.42,4.40,14.87
70144,4.44,4.40,14.70
70400,4.42,4.40,14.72
70656,4.42,4.40,14.71
70912,4.40,4.40,14.80
71168,4.40,4.40,14.84
71424,4.40,4.40,14.85
71680,4.40,4.40,14.80
71936,4.40,4.40,14.81
72192,4.40,4.40,14.93
72448,4.44,4.40,15.09
72704,4.42,4.40,15.27
72960,4.42,4.40,15.26
73216,4.45,4.40,15.20
73472,4.42,4.40,15.76
73728,4.40,4.40,15.73
73984,4.40,4.40,13.81
74240,4.40,4.40,15.11
74496,4.40,4.40,15.79
74752,4.40,4.42,15.09
75008,4.40,4.45,15.76
75264,4.42,4.40,15.83
75520,4.42,4.40,15.84
75776,4.40,4.40,15.70
76032,4.41,4.41,15.85
76288,4.41,4.42,15.99
76544,4.42,4.41,15.94
76800,4.44,4.41,16.12
77056,4.41,4.41,16.30
77312,4.41,4.42,16.42
77568,4.43,4.41,16.56
77824,4.41,4.41,16.55
78080,4.41,4.45,16.66
78336,4.43,4.41,16.95
78592,4.41,4.41,16.77
78848,4.41,4.43,16.02
79104,4.45,4.41,17.17
79360,4.41,4.41,17.32
79616,4.41,4.42,4.59
79872,4.41,4.41,17.45
80128,4.41,4.45,17.63
80384,4.42,4.41,17.67
80640,4.41,4.42,4.37
80896,4.44,4.41,17.83
81152,4.41,4.45,17.80
81408,4.43,4.41,17.97
81664,4.41,4.43,18.00
81920,4.43,4.41,16.60
82176,4.41,4.43,14.04
82432,4.41,4.45,18.50
82688,4.41,4.41,18.65
82944,4.43,4.41,18.71
83200,4.41,4.43,18.88
83456,4.41,4.41,13.38
83712,4.41,4.43,18.86
83968,4.41,4.41,18.93
84224,4.45,4.41,19.03
84480,4.41,4.45,18.90
84736,4.41,4.41,19.04
84992,4.43,4.41,19.33
85248,4.43,4.41,19.54
85504,4.41,4.43,19.21
85760,4.41,4.41,18.92
86016,4.43,4.41,19.47
86272,4.43,4.41,20.03
86528,4.42,4.42,19.26
86784,4.42,4.43,17.02
87040,4.42,4.42,19.10
87296,4.45,4.42,20.24
87552,4.45,4.42,20.26
87808,4.45,4.42,20.48
88064,4.45,4.42,20.38
88320,4.42,4.42,12.88
88576,4.43,4.42,20.49
88832,4.43,4.42,20.68
89088,4.43,4.42,19.94
89344,4.43,4.42,20.73
89600,4.43,4.42,20.62
89856,4.43,4.42,20.67
90112,4.42,4.42,20.98
90368,4.42,4.42,21.25
90624,4.42,4.42,21.16
90880,4.42,4.45,21.50
91136,4.42,4.45,21.46
91392,4.42,4.42,21.72
91648,4.45,4.42,21.49
91904,4.45,4.42,21.70
92160,4.42,4.42,20.79
92416,4.42,4.43,22.01
92672,4.42,4.43,21.84
92928,4.43,4.42,7.85
93184,4.44,4.42,21.41
93440,4.45,4.42,21.70
93696,4.42,4.43,21.66
93952,4.42,4.43,21.89
94208,4.43,4.42,21.92
94464,4.42,4.42,21.55
94720,4.42,4.43,22.16
94976,4.44,4.42,22.20
95232,4.42,4.42,22.19
95488,4.42,4.45,22.39
95744,4.44,4.42,22.08
96000,4.42,4.43,22.18
96256,4.43,4.42,22.21
96512,4.42,4.42,22.63
96768,4.42,4.43,22.73
97024,4.43,4.42,22.82
97280,4.42,4.45,22.91
97536,4.45,4.42,22.99
97792,4.42,4.43,22.79
98048,4.43,4.42,22.48
98304,4.42,4.43,22.35
98560,4.43,4.42,23.25
98816,4.42,4.42,23.37
99072,4.42,4.43,21.73
99328,4.43,4.42,23.45
99584,4.42,4.43,23.52
99840,4.43,4.42,23.60
100096,4.42,4.42,23.80
100352,4.42,4.43,23.90
100608,4.42,4.42,24.39
100864,4.43,4.42,20.26
101120,4.43,4.44,23.91
101376,4.49,4.42,24.08
101632,4.43,4.43,15.45
101888,4.43,4.42,24.13
102144,4.42,4.43,24.35
102400,4.42,4.44,24.29
102656,4.42,4.42,24.36
102912,4.43,4.42,12.03
103168,4.42,4.42,24.54
103424,4.42,4.43,24.50
103680,4.42,4.44,24.69
103936,4.42,4.43,24.18
104192,4.42,4.43,24.52
104448,4.42,4.42,18.90
104704,4.42,4.44,24.50
104960,4.42,4.43,24.65
105216,4.42,4.43,24.56
105472,4.42,4.44,24.71
105728,4.42,4.43,24.68
105984,4.42,4.43,24.85
106240,4.42,4.44,24.79
106496,4.42,4.43,24.92
106752,4.42,4.43,25.09
107008,4.42,4.44,25.06
107264,4.42,4.42,13.92
107520,4.42,4.43,25.22
107776,4.43,4.42,25.24
108032,4.44,4.42,25.33
108288,4.43,4.42,25.40
108544,4.42,4.44,25.43
108800,4.42,4.43,6.91
109056,4.42,4.44,25.66
109312,4.43,4.42,25.56
109568,4.43,4.42,25.73
109824,4.42,4.46,19.74
110080,4.43,4.42,25.80
110336,4.42,4.44,25.82
110592,4.42,4.43,12.04
110848,4.42,4.43,26.01
111104,4.42,4.42,26.00
111360,4.44,4.42,26.14
111616,4.42,4.43,26.12
111872,4.45,4.42,26.10
112128,4.42,4.43,25.40
112384,4.42,4.44,26.22
112640,4.43,4.42,26.39
112896,4.42,4.44,26.33
113152,4.43,4.42,26.47
113408,4.42,4.44,26.49
113664,4.43,4.42,26.59
113920,4.42,4.44,26.63
114176,4.43,4.42,26.62
114432,4.42,4.44,26.63
114688,4.43,4.42,26.82
114944,4.42,4.44,26.73
115200,4.43,4.42,26.77
115456,4.44,4.42,7.23
115712,4.43,4.42,26.91
115968,4.43,4.42,27.02
116224,4.42,4.44,27.04
116480,4.43,4.42,13.07
116736,4.42,4.43,27.11
116992,4.44,4.42,27.18
117248,4.42,4.43,27.15
117504,4.42,4.43,27.28
117760,4.43,4.42,27.14
118016,4.43,4.42,27.22
118272,4.42,4.44,27.43
118528,4.42,4.43,27.38
118784,4.42,4.43,27.47
119040,4.43,4.42,27.56
119296,4.43,4.42,27.60
119552,4.44,4.42,27.62
119808,4.42,4.43,27.47
120064,4.42,4.43,27.80
120320,4.42,4.44,27.75
120576,4.42,4.43,27.85
120832,4.42,4.43,27.37
121088,4.43,4.42,27.90
121344,4.43,4.42,27.97
121600,4.44,4.42,28.00
121856,4.43,4.42,28.02
122112,4.43,4.42,26.61
122368,4.44,4.42,28.22
122624,4.43,4.42,19.03
122880,4.44,4.42,28.28
123136,4.43,4.42,28.31
123392,4.42,4.43,28.19
123648,4.42,4.43,28.56
123904,4.42,4.44,28.47
124160,4.42,4.42,28.39
124416,4.43,4.42,27.54
124672,4.44,4.42,28.58
124928,4.43,4.42,28.53
125184,4.42,4.43,28.71
125440,4.42,4.43,22.17
125696,4.43,4.42,12.71
125952,4.42,4.44,28.72
126208,4.42,4.43,28.78
126464,4.43,4.42,28.86
126720,4.45,4.43,28.84
126976,4.42,4.44,28.86
127232,4.43,4.42,28.72
127488,4.43,4.42,29.02
127744,4.42,4.43,28.94
128000,4.44,4.42,28.99
128256,4.42,4.44,28.02
128512,4.42,4.43,29.07
128768,4.43,4.42,29.21
129024,4.42,4.43,29.19
129280,4.44,4.42,29.23
129536,4.42,4.44,29.43
129792,4.45,4.42,29.47
130048,4.42,4.46,29.33
130304,4.43,4.42,29.39
130560,4.42,4.43,29.48
130816,4.44,4.42,29.58
131072,4.42,4.42,29.57
131584,4.42,4.44,29.64
132096,4.43,4.42,29.71
132608,4.42,4.43,29.72
133120,4.42,4.43,29.81
133632,4.43,4.42,29.97
134144,4.51,4.42,29.70
134656,4.42,4.43,30.13
135168,4.42,4.43,30.23
135680,4.42,4.43,30.18
136192,4.44,4.43,30.34
136704,4.44,4.43,29.59
137216,4.44,4.42,30.42
137728,4.44,4.42,30.51
138240,4.44,4.42,30.51
138752,4.44,4.42,30.60
139264,4.44,4.42,13.52
139776,4.43,4.42,30.86
140288,4.43,4.42,30.70
140800,4.43,4.43,30.73
141312,4.42,4.43,30.85
141824,4.42,4.43,31.13
142336,4.43,4.42,11.68
142848,4.42,4.44,9.05
143360,4.42,4.42,31.23
143872,4.44,4.42,30.85
144384,4.42,4.43,31.39
144896,4.43,4.42,31.25
145408,4.43,4.43,31.50
145920,4.42,4.42,31.44
146432,4.43,4.44,25.02
146944,4.43,4.42,31.65
147456,4.42,4.44,31.67
147968,4.44,4.42,31.90
148480,4.42,4.42,31.83
148992,4.42,4.44,13.60
149504,4.42,4.44,32.09
150016,4.44,4.43,31.96
150528,4.43,4.42,32.06
151040,4.43,4.42,32.04
151552,4.42,4.44,32.15
152064,4.42,4.43,32.13
152576,4.42,4.43,32.21
153088,4.43,4.44,32.32
153600,4.44,4.43,32.36
154112,4.43,4.43,32.43
154624,4.43,4.44,32.48
155136,4.44,4.43,32.50
155648,4.42,4.42,32.33
156160,4.42,4.44,32.64
156672,4.42,4.42,32.68
157184,4.43,4.42,32.77
157696,4.44,4.43,32.80
158208,4.43,4.42,32.78
158720,4.42,4.44,32.94
159232,4.43,4.42,32.97
159744,4.43,4.43,33.01
160256,4.42,4.42,33.13
160768,4.43,4.43,33.14
161280,4.42,4.43,33.01
161792,4.43,4.42,33.30
162304,4.42,4.43,33.35
162816,4.43,4.43,29.82
163328,4.44,4.43,33.34
163840,4.42,4.42,8.91
164352,4.43,4.43,33.53
164864,4.43,4.43,33.56
165376,4.42,4.42,33.73
165888,4.42,4.43,33.70
166400,4.44,4.43,33.56
166912,4.43,4.43,33.65
167424,4.43,4.42,33.70
167936,4.42,4.42,33.80
168448,4.42,4.44,33.87
168960,4.42,4.44,33.91
169472,4.42,4.44,33.93
169984,4.42,4.43,33.89
170496,4.42,4.43,34.09
171008,4.42,4.42,34.17
171520,4.43,4.42,34.11
172032,4.43,4.42,34.05
172544,4.44,4.43,34.21
173056,4.43,4.43,34.37
173568,4.43,4.43,34.28
174080,4.42,4.42,34.44
174592,4.44,4.42,34.42
175104,4.43,4.43,34.42
175616,4.42,4.42,34.50
176128,4.43,4.42,34.51
176640,4.44,4.43,34.54
177152,4.43,4.42,34.56
177664,4.43,4.43,34.60
178176,4.42,4.42,34.41
178688,4.43,4.42,34.70
179200,4.43,4.42,34.73
179712,4.44,4.43,26.28
180224,4.42,4.43,34.85
180736,4.43,4.43,34.80
181248,4.44,4.42,34.99
181760,4.42,4.43,33.40
182272,4.43,4.43,33.88
182784,4.42,4.43,35.00
183296,4.43,4.43,35.04
183808,4.43,4.43,34.98
184320,4.43,4.43,35.13
184832,4.43,4.43,35.23
185344,4.43,4.43,35.25
185856,4.43,4.43,35.23
186368,4.43,4.43,34.75
186880,4.43,4.43,35.39
187392,4.43,4.43,35.40
187904,4.43,4.43,35.44
188416,4.43,4.43,35.48
188928,4.43,4.43,18.89
189440,4.42,4.43,35.50
189952,4.42,4.42,35.51
190464,4.43,4.43,35.58
190976,4.43,4.44,35.58
191488,4.42,4.43,35.60
192000,4.43,4.42,35.69
192512,4.43,4.42,35.73
193024,4.42,4.50,35.75
193536,4.43,4.43,35.85
194048,4.42,4.42,35.72
194560,4.43,4.43,35.91
195072,4.43,4.42,35.86
195584,4.43,4.42,35.95
196096,4.43,4.43,35.93
196608,4.42,4.43,35.40
197120,4.43,4.43,35.99
197632,4.43,4.42,36.09
198144,4.42,4.43,36.10
198656,4.43,4.44,36.09
199168,4.43,4.42,36.11
199680,4.43,4.42,36.11
200192,4.43,4.42,36.17
200704,4.42,4.42,36.32
201216,4.42,4.42,36.10
201728,4.43,4.43,35.75
202240,4.43,4.43,36.28
202752,4.43,4.42,36.38
203264,4.43,4.43,32.82
203776,4.43,4.43,36.43
204288,4.43,4.43,36.39
204800,4.43,4.43,36.47
205312,4.43,4.43,36.55
205824,4.42,4.42,36.51
206336,4.43,4.43,36.54
206848,4.43,4.42,36.52
207360,4.43,4.42,36.60
207872,4.42,4.42,36.68
208384,4.43,4.42,36.62
208896,4.42,4.43,36.63
209408,4.43,4.42,36.79
209920,4.43,4.43,36.82
210432,4.43,4.42,36.87
210944,4.42,4.43,36.88
211456,4.43,4.43,36.82
211968,4.42,4.43,36.83
212480,4.43,4.42,36.77
212992,4.43,4.42,36.98
213504,4.43,4.42,36.90
214016,4.43,4.43,37.01
214528,4.43,4.43,37.03
215040,4.42,4.42,37.05
215552,4.43,4.43,37.05
216064,4.43,4.42,37.11
216576,4.43,4.42,37.01
217088,4.42,4.43,37.12
217600,4.43,4.42,37.07
218112,4.44,4.43,37.24
218624,4.43,4.43,37.21
219136,4.43,4.42,37.33
219648,4.43,4.42,37.31
220160,4.42,4.43,37.31
220672,4.43,4.43,37.39
221184,4.43,4.42,37.42
221696,4.42,4.42,37.41
222208,4.42,4.43,37.46
222720,4.43,4.43,37.47
223232,4.43,4.42,37.51
223744,4.43,4.42,37.51
224256,4.42,4.43,37.48
224768,4.43,4.43,37.15
225280,4.43,4.42,37.75
225792,4.43,4.42,37.56
226304,4.43,4.42,37.65
226816,4.43,4.43,37.67
227328,4.42,4.43,37.72
227840,4.43,4.42,37.70
228352,4.42,4.42,37.71
228864,4.43,4.42,37.74
229376,4.43,4.42,37.78
229888,4.43,4.42,37.84
230400,4.42,4.42,37.88
230912,4.42,4.43,37.78
231424,4.43,4.43,37.90
231936,4.43,4.43,37.87
232448,4.42,4.43,37.95
232960,4.42,4.43,37.93
233472,4.42,4.43,38.00
233984,4.42,4.43,38.04
234496,4.42,4.43,38.06
235008,4.42,4.43,38.07
235520,4.42,4.43,37.91
236032,4.42,4.43,38.17
236544,4.43,4.43,38.11
237056,4.42,4.43,38.16
237568,4.42,4.43,38.13
238080,4.42,4.43,38.19
238592,4.43,4.42,38.17
239104,4.43,4.42,38.22
239616,4.43,4.42,37.73
240128,4.49,4.42,38.30
240640,4.43,4.42,38.30
241152,4.42,4.42,38.35
241664,4.42,4.43,38.35
242176,4.43,4.44,38.36
242688,4.43,4.42,38.37
243200,4.43,4.42,38.36
243712,4.42,4.42,38.46
244224,4.44,4.42,38.69
244736,4.44,4.43,38.50
245248,4.43,4.42,38.49
245760,4.43,4.42,38.40
246272,4.42,4.42,38.53
246784,4.43,4.43,38.58
247296,4.43,4.42,38.54
247808,4.43,4.42,38.61
248320,4.42,4.42,38.59
248832,4.43,4.43,38.61
249344,4.43,4.42,38.66
249856,4.42,4.42,38.62
250368,4.42,4.43,38.32
250880,4.44,4.44,38.69
251392,4.43,4.42,38.79
251904,4.42,4.43,38.82
252416,4.43,4.42,38.79
252928,4.42,4.42,38.77
253440,4.42,4.43,38.79
253952,4.43,4.42,38.85
254464,4.42,4.43,38.90
254976,4.43,4.42,38.85
255488,4.43,4.42,38.89
256000,4.43,4.42,38.86
256512,4.42,4.42,38.87
257024,4.43,4.43,38.97
257536,4.42,4.42,38.96
258048,4.43,4.43,39.00
258560,4.42,4.42,38.95
259072,4.42,4.43,38.65
259584,4.42,4.42,39.06
260096,4.42,4.44,39.06
260608,4.42,4.42,39.09
261120,4.42,4.42,39.10
261632,4.43,4.42,39.15
262144,4.43,4.42,39.09
263168,4.42,4.43,39.17
264192,4.43,4.43,39.21
265216,4.42,4.50,39.52
266240,4.44,4.42,39.30
267264,4.43,4.42,39.29
268288,4.42,4.43,39.37
269312,4.42,4.43,39.35
270336,4.43,4.42,39.38
271360,4.43,4.42,39.49
272384,4.42,4.43,39.50
273408,4.44,4.43,39.53
274432,4.42,4.42,39.52
275456,4.43,4.42,39.56
276480,4.43,4.42,39.64
277504,4.43,4.42,39.62
278528,4.43,4.42,39.69
279552,4.43,4.42,39.71
280576,4.42,4.42,39.80
281600,4.42,4.43,39.72
282624,4.42,4.42,39.79
283648,4.42,4.42,39.83
284672,4.43,4.42,39.73
285696,4.43,4.42,39.93
286720,4.43,4.42,39.95
287744,4.43,4.42,39.96
288768,4.42,4.42,39.99
289792,4.42,4.43,40.02
290816,4.43,4.43,40.06
291840,4.43,4.42,40.16
292864,4.43,4.42,40.08
293888,4.42,4.42,40.13
294912,4.43,4.43,40.21
295936,4.43,4.44,40.29
296960,4.43,4.42,40.28
297984,4.42,4.43,40.33
299008,4.42,4.43,40.47
300032,4.43,4.47,40.36
301056,4.42,4.43,40.37
302080,4.43,4.43,40.42
303104,4.42,4.43,40.34
304128,4.43,4.42,40.39
305152,4.42,4.43,40.45
306176,4.43,4.42,40.81
307200,4.43,4.43,40.53
308224,4.43,4.42,40.52
309248,4.43,4.43,40.55
310272,4.43,4.42,40.58
311296,4.43,4.43,40.62
312320,4.42,4.43,40.55
313344,4.43,4.42,40.67
314368,4.42,4.43,40.86
315392,4.42,4.43,40.69
316416,4.43,4.43,40.76
317440,4.42,4.42,40.67
318464,4.43,4.43,40.91
319488,4.42,4.43,40.86
320512,4.43,4.42,40.83
321536,4.43,4.42,40.88
322560,4.42,4.42,40.92
323584,4.42,4.43,40.92
324608,4.43,4.43,40.92
325632,4.42,4.43,40.96
326656,4.43,4.43,40.96
327680,4.42,4.42,40.94
328704,4.42,4.42,41.02
329728,4.43,4.42,41.29
330752,4.42,4.42,41.22
331776,4.42,4.43,41.08
332800,4.42,4.43,41.15
333824,4.42,4.43,41.18
334848,4.43,4.43,41.13
335872,4.42,4.43,41.22
336896,4.42,4.42,39.42
337920,4.42,4.42,41.29
338944,4.43,4.42,41.37
339968,4.43,4.42,41.30
340992,4.42,4.43,41.25
342016,4.42,4.43,41.33
343040,4.43,4.42,41.30
344064,4.43,4.42,41.37
345088,4.42,4.43,41.39
346112,4.42,4.42,41.38
347136,4.43,4.42,41.41
348160,4.43,4.43,41.44
349184,4.43,4.42,41.47
350208,4.42,4.43,41.55
351232,4.47,4.42,41.56
352256,4.43,4.42,41.59
353280,4.42,4.43,41.55
354304,4.43,4.42,41.57
355328,4.42,4.43,41.63
356352,4.43,4.42,41.66
357376,4.43,4.43,41.82
358400,4.42,4.43,41.70
359424,4.43,4.43,41.67
360448,4.42,4.46,41.67
361472,4.43,4.43,41.74
362496,4.43,4.42,41.74
363520,4.42,4.43,41.71
364544,4.42,4.43,41.78
365568,4.43,4.42,41.81
366592,4.43,4.42,41.84
367616,4.43,4.43,41.70
368640,4.42,4.43,41.80
369664,4.43,4.42,41.87
370688,4.43,4.43,41.87
371712,4.43,4.42,41.90
372736,4.42,4.42,41.95
373760,4.42,4.43,41.92
374784,4.43,4.43,41.99
375808,4.44,4.43,42.06
376832,4.43,4.43,41.99
377856,4.43,4.43,41.97
378880,4.42,4.43,42.04
379904,4.43,4.43,42.05
380928,4.44,4.43,42.04
381952,4.43,4.43,42.16
382976,4.44,4.43,42.09
384000,4.43,4.42,42.04
385024,4.43,4.43,42.14
386048,4.43,4.42,42.16
387072,4.42,4.43,42.24
388096,4.43,4.43,42.19
389120,4.42,4.42,42.28
390144,4.43,4.42,42.21
391168,4.44,4.43,42.24
392192,4.43,4.43,42.21
393216,4.43,4.42,42.30
394240,4.43,4.42,42.39
395264,4.43,4.43,42.26
396288,4.43,4.43,42.28
397312,4.43,4.44,42.36
398336,4.42,4.43,42.37
399360,4.43,4.42,41.57
400384,4.43,4.43,42.34
401408,4.43,4.42,42.34
402432,4.42,4.43,42.45
403456,4.43,4.42,42.39
404480,4.42,4.43,42.32
405504,4.43,4.43,42.53
406528,4.43,4.43,42.48
407552,4.43,4.43,42.45
408576,4.43,4.43,42.51
409600,4.42,4.43,42.50
410624,4.43,4.42,42.49
411648,4.43,4.43,42.52
412672,4.43,4.43,42.54
413696,4.43,4.43,42.59
414720,4.43,4.42,42.62
415744,4.43,4.42,42.59
416768,4.43,4.43,42.64
417792,4.42,4.43,42.68
418816,4.43,4.43,42.61
419840,4.43,4.42,42.62
420864,4.43,4.42,42.70
421888,4.43,4.42,42.66
422912,4.43,4.42,34.88
423936,4.43,4.43,42.72
424960,4.43,4.44,42.71
425984,4.43,4.43,42.81
427008,4.43,4.43,42.71
428032,4.43,4.46,42.88
429056,4.42,4.42,42.77
430080,4.42,4.42,42.80
431104,4.43,4.42,42.76
432128,4.43,4.43,42.79
433152,4.43,4.42,42.82
434176,4.43,4.43,42.86
435200,4.42,4.43,42.86
436224,4.43,4.43,42.86
437248,4.43,4.42,42.83
438272,4.43,4.42,42.90
439296,4.43,4.43,42.91
440320,4.43,4.43,42.92
441344,4.43,4.43,42.95
442368,4.43,4.43,42.94
443392,4.43,4.43,42.98
444416,4.43,4.42,42.96
445440,4.43,4.43,43.00
446464,4.42,4.42,42.99
447488,4.43,4.43,43.05
448512,4.43,4.43,43.07
449536,4.43,4.43,43.05
450560,4.43,4.43,43.05
451584,4.44,4.43,43.03
452608,4.43,4.43,43.04
453632,4.43,4.43,43.06
454656,4.43,4.42,43.09
455680,4.42,4.43,43.13
456704,4.43,4.43,43.11
457728,4.43,4.43,43.15
458752,4.43,4.43,43.11
459776,4.43,4.42,43.16
460800,4.43,4.42,43.15
461824,4.42,4.43,43.18
462848,4.43,4.43,43.22
463872,4.43,4.42,43.22
464896,4.42,4.42,43.22
465920,4.43,4.43,43.24
466944,4.43,4.43,43.23
467968,4.43,4.43,43.36
468992,4.46,4.45,43.28
470016,4.43,4.42,43.32
471040,4.43,4.42,43.52
472064,4.43,4.42,43.32
473088,4.43,4.42,43.25
474112,4.44,4.42,43.32
475136,4.44,4.43,43.31
476160,4.43,4.42,43.33
477184,4.43,4.42,43.32
478208,4.43,4.42,43.37
479232,4.43,4.43,43.03
480256,4.43,4.43,43.39
481280,4.43,4.43,43.36
482304,4.42,4.43,43.44
483328,4.43,4.43,43.43
484352,4.43,4.42,43.41
485376,4.43,4.43,43.47
486400,4.43,4.43,43.46
487424,4.43,4.43,43.57
488448,4.43,4.42,43.49
489472,4.43,4.43,43.47
490496,4.42,4.43,43.48
491520,4.43,4.42,43.50
492544,4.43,4.43,43.54
493568,4.43,4.43,43.52
494592,4.43,4.43,43.49
495616,4.43,4.43,43.54
496640,4.43,4.42,43.57
497664,4.43,4.43,43.55
498688,4.43,4.42,43.58
499712,4.43,4.43,43.62
500736,4.43,4.43,43.59
501760,4.43,4.43,43.62
502784,4.43,4.42,43.62
503808,4.43,4.43,43.63
504832,4.43,4.43,43.63
505856,4.43,4.43,43.71
506880,4.42,4.43,43.67
507904,4.43,4.43,43.69
508928,4.43,4.43,43.71
509952,4.42,4.43,43.71
510976,4.43,4.43,43.72
512000,4.43,4.43,15.64
513024,4.43,4.43,43.70
514048,4.43,4.43,43.72
515072,4.43,4.42,43.73
516096,4.43,4.42,43.72
517120,4.42,4.43,43.69
518144,4.42,4.43,43.91
519168,4.43,4.43,43.75
520192,4.43,4.43,43.82
521216,4.43,4.43,43.78
522240,4.43,4.43,43.82
523264,4.43,4.43,43.89
524288,4.43,4.43,43.81
526336,4.43,4.43,43.89
528384,4.43,4.43,43.90
530432,4.43,4.43,44.01
532480,4.43,4.43,44.09
534528,4.43,4.43,44.14
536576,4.43,4.43,44.19
538624,4.43,4.43,44.23
540672,4.43,4.43,44.31
542720,4.43,4.43,44.33
544768,4.44,4.43,44.42
546816,4.43,4.43,44.48
548864,4.43,4.43,44.51
550912,4.44,4.43,44.55
552960,4.43,4.43,44.61
555008,4.43,4.43,44.69
557056,4.47,4.44,44.70
559104,4.43,4.43,44.77
561152,4.43,4.43,44.84
563200,4.43,4.43,44.90
565248,4.43,4.43,44.98
567296,4.43,4.43,44.97
569344,4.43,4.43,45.02
571392,4.43,4.43,45.11
573440,4.43,4.43,45.20
575488,4.43,4.43,45.17
577536,4.43,4.43,45.26
579584,4.44,4.43,45.29
581632,4.43,4.43,45.24
583680,4.43,4.43,45.36
585728,4.43,4.43,45.42
587776,4.46,4.44,45.44
589824,4.43,4.43,45.50
591872,4.43,4.43,45.52
593920,4.43,4.43,45.61
595968,4.43,4.43,45.61
598016,4.43,4.43,45.68
600064,4.43,4.43,45.90
602112,4.43,4.43,45.76
604160,4.44,4.43,45.86
606208,4.43,4.43,45.90
608256,4.44,4.43,45.95
610304,4.43,4.43,45.93
612352,4.43,4.43,46.00
614400,4.43,4.43,46.11
616448,4.44,4.47,46.10
618496,4.44,4.43,46.17
620544,4.44,4.43,46.18
622592,4.44,4.43,46.21
624640,4.43,4.43,46.27
626688,4.43,4.43,46.30
628736,4.43,4.43,43.23
630784,4.44,4.43,46.38
632832,4.43,4.43,46.43
634880,4.46,4.44,46.47
636928,4.43,4.43,46.54
638976,4.43,4.43,46.54
641024,4.43,4.43,46.57
643072,4.44,4.43,46.79
645120,4.43,4.44,46.63
647168,4.44,4.43,46.71
649216,4.43,4.43,46.74
651264,4.44,4.44,46.75
653312,4.44,4.43,46.83
655360,4.44,4.44,46.86
657408,4.43,4.43,46.87
659456,4.44,4.43,46.89
661504,4.44,4.44,46.97
663552,4.44,4.43,46.96
665600,4.43,4.43,47.03
667648,4.44,4.44,47.07
669696,4.45,4.43,47.10
671744,4.44,4.43,47.13
673792,4.44,4.43,47.15
675840,4.44,4.44,47.14
677888,4.44,4.43,47.23
679936,4.43,4.43,47.22
681984,4.44,4.43,46.41
684032,4.44,4.44,47.32
686080,4.44,4.45,47.33
688128,4.43,4.44,47.40
690176,4.43,4.43,47.36
692224,4.44,4.43,47.42
694272,4.44,4.44,47.55
696320,4.43,4.44,47.54
698368,4.43,4.43,47.52
700416,4.44,4.43,47.60
702464,4.44,4.44,47.61
704512,4.44,4.44,47.60
706560,4.43,4.43,47.62
708608,4.43,4.44,47.65
710656,4.44,4.43,47.73
712704,4.43,4.44,47.70
714752,4.44,4.43,47.74
716800,4.43,4.43,47.82
718848,4.49,4.45,47.84
720896,4.44,4.43,47.82
722944,4.44,4.43,47.88
724992,4.43,4.43,47.89
727040,4.44,4.43,47.91
729088,4.44,4.43,47.94
731136,4.43,4.43,47.95
733184,4.43,4.45,47.98
735232,4.44,4.43,48.02
737280,4.43,4.43,48.03
739328,4.43,4.43,48.08
741376,4.46,4.44,48.09
743424,4.43,4.43,48.36
745472,4.44,4.43,48.18
747520,4.44,4.43,48.23
749568,4.44,4.43,48.21
751616,4.43,4.44,48.23
753664,4.43,4.44,48.28
755712,4.44,4.43,48.29
757760,4.44,4.43,48.31
759808,4.43,4.43,48.36
761856,4.43,4.43,48.37
763904,4.51,4.45,48.39
765952,4.44,4.43,48.41
768000,4.44,4.44,48.47
770048,4.44,4.43,48.47
772096,4.43,4.43,48.49
774144,4.43,4.44,48.51
776192,4.43,4.43,48.57
778240,4.43,4.44,48.58
780288,4.44,4.44,48.58
782336,4.44,4.44,48.66
784384,4.44,4.43,48.70
786432,4.43,4.44,48.67
788480,4.44,4.44,48.71
790528,4.44,4.43,48.73
792576,4.43,4.44,48.72
794624,4.43,4.43,48.76
796672,4.43,4.43,48.76
798720,4.43,4.44,48.79
800768,4.43,4.43,48.83
802816,4.43,4.44,48.84
804864,4.43,4.43,48.94
806912,4.45,4.45,48.89
808960,4.43,4.43,48.92
811008,4.44,4.44,48.97
813056,4.44,4.43,48.99
815104,4.44,4.43,48.96
817152,4.44,4.43,49.04
819200,4.43,4.44,49.05
821248,4.43,4.43,49.06
823296,4.43,4.44,49.08
825344,4.44,4.43,49.15
827392,4.44,4.43,49.10
829440,4.43,4.43,49.12
831488,4.44,4.43,49.18
833536,4.43,4.44,49.18
835584,4.44,4.43,49.08
837632,4.44,4.44,49.24
839680,4.44,4.43,49.26
841728,4.43,4.43,49.30
843776,4.44,4.43,49.28
845824,4.44,4.45,49.30
847872,4.43,4.44,49.34
849920,4.43,4.43,49.33
851968,4.43,4.43,49.38
854016,4.44,4.44,49.38
856064,4.44,4.44,49.44
858112,4.44,4.44,49.43
860160,4.43,4.44,49.46
862208,4.43,4.44,49.44
864256,4.44,4.44,49.56
866304,4.43,4.43,49.51
868352,4.43,4.43,49.54
870400,4.43,4.43,49.53
872448,4.43,4.43,49.61
874496,4.43,4.44,49.58
876544,4.44,4.44,49.63
878592,4.43,4.43,49.61
880640,4.43,4.43,49.68
882688,4.44,4.44,49.75
884736,4.44,4.44,49.70
886784,4.43,4.43,49.70
888832,4.43,4.44,49.73
890880,4.44,4.44,49.75
892928,4.43,4.43,49.78
894976,4.43,4.44,49.81
897024,4.44,4.44,49.77
899072,4.44,4.43,49.83
901120,4.44,4.43,49.86
903168,4.43,4.43,49.83
905216,4.44,4.44,49.88
907264,4.43,4.43,49.87
909312,4.44,4.43,49.93
911360,4.43,4.43,49.92
913408,4.44,4.44,49.96
915456,4.44,4.43,49.98
917504,4.43,4.44,50.02
919552,4.45,4.44,49.97
921600,4.43,4.44,50.04
923648,4.43,4.43,50.04
925696,4.43,4.43,50.09
927744,4.43,4.44,50.09
929792,4.44,4.43,50.10
931840,4.44,4.43,50.10
933888,4.43,4.43,50.14
935936,4.43,4.43,50.19
937984,4.43,4.44,50.19
940032,4.43,4.44,50.19
942080,4.44,4.44,50.20
944128,4.43,4.43,50.21
946176,4.44,4.43,50.27
948224,4.44,4.44,50.25
950272,4.44,4.43,50.28
952320,4.43,4.44,50.26
954368,4.45,4.44,50.33
956416,4.44,4.43,50.31
958464,4.43,4.43,50.35
960512,4.43,4.43,50.33
962560,4.44,4.43,50.41
964608,4.44,4.44,50.37
966656,4.44,4.43,50.39
968704,4.43,4.44,50.37
970752,4.50,4.44,50.45
972800,4.44,4.43,50.44
974848,4.44,4.44,50.45
976896,4.43,4.43,50.44
978944,4.43,4.44,50.49
980992,4.44,4.44,50.48
983040,4.43,4.44,50.52
985088,4.43,4.43,50.51
987136,4.44,4.44,50.53
989184,4.44,4.44,50.57
991232,4.44,4.44,50.59
993280,4.43,4.44,50.55
995328,4.43,4.44,50.63
997376,4.44,4.44,50.66
999424,4.43,4.44,50.67
1001472,4.44,4.43,50.65
1003520,4.44,4.49,50.69
1005568,4.44,4.43,50.67
1007616,4.43,4.44,50.72
1009664,4.43,4.43,50.71
1011712,4.44,4.43,50.74
1013760,4.43,4.43,50.73
1015808,4.44,4.44,50.78
1017856,4.43,4.44,50.82
1019904,4.43,4.43,50.80
1021952,4.44,4.43,50.86
1024000,4.43,4.43,50.84
1026048,4.43,4.43,50.83
1028096,4.43,4.43,50.87
1030144,4.43,4.44,50.88
1032192,4.43,4.43,50.88
1034240,4.44,4.44,50.92
1036288,4.43,4.43,50.89
1038336,4.43,4.44,50.96
1040384,4.44,4.43,50.93
1042432,4.43,4.44,50.91
1044480,4.44,4.44,50.97
1046528,4.43,4.44,50.98
1048576,4.44,4.43,51.02
1056768,4.43,4.43,50.99
1064960,4.43,4.43,51.11
1073152,4.43,4.44,51.16
1081344,4.43,4.43,51.28
1089536,4.44,4.44,51.25
1097728,4.43,4.43,51.34
1105920,4.43,4.43,51.36
1114112,4.44,4.44,51.46
1122304,4.44,4.43,51.48
1130496,4.43,4.43,51.56
1138688,4.44,4.43,51.59
1146880,4.43,4.44,51.70
1155072,4.43,4.43,51.71
1163264,4.44,4.44,51.79
1171456,4.43,4.43,51.77
1179648,4.44,4.44,51.88
1187840,4.44,4.44,51.89
1196032,4.44,4.44,51.94
1204224,4.44,4.44,51.95
1212416,4.43,4.43,52.06
1220608,4.44,4.44,52.08
1228800,4.44,4.43,52.13
1236992,4.44,4.44,52.15
1245184,4.44,4.44,52.25
1253376,4.43,4.43,52.23
1261568,4.44,4.43,52.30
1269760,4.44,4.43,52.37
1277952,4.44,4.43,52.42
1286144,4.44,4.44,52.43
1294336,4.43,4.45,52.49
1302528,4.44,4.44,52.50
1310720,4.43,4.44,52.62
1318912,4.43,4.44,52.57
1327104,4.44,4.43,52.66
1335296,4.43,4.43,52.65
1343488,4.44,4.44,52.75
1351680,4.43,4.43,52.72
1359872,4.43,4.43,52.85
1368064,4.44,4.43,52.82
1376256,4.43,4.43,52.84
1384448,4.44,4.43,52.90
1392640,4.43,4.44,52.98
1400832,4.44,4.44,52.99
1409024,4.44,4.43,53.10
1417216,4.43,4.43,53.01
1425408,4.44,4.43,53.12
1433600,4.44,4.44,53.13
1441792,4.44,4.44,53.23
1449984,4.44,4.43,53.19
1458176,4.43,4.43,53.27
1466368,4.44,4.43,53.25
1474560,4.44,4.44,53.34
1482752,4.44,4.43,53.33
1490944,4.43,4.44,53.38
1499136,4.43,4.43,53.36
1507328,4.44,4.44,53.49
1515520,4.44,4.44,53.48
1523712,4.43,4.44,53.47
1531904,4.44,4.44,53.54
1540096,4.44,4.44,53.62
1548288,4.44,4.44,53.61
1556480,4.44,4.44,53.64
1564672,4.44,4.44,53.62
1572864,4.44,4.44,53.75
1581056,4.44,4.44,53.70
1589248,4.44,4.44,53.77
1597440,4.44,4.44,53.78
1605632,4.44,4.44,53.87
1613824,4.44,4.44,53.85
1622016,4.44,4.44,54.00
1630208,4.44,4.44,53.99
1638400,4.44,4.44,54.06
1646592,4.44,4.44,54.09
1654784,4.44,4.44,54.15
1662976,4.44,4.44,54.09
1671168,4.44,4.44,54.19
1679360,4.44,4.44,54.24
1687552,4.44,4.44,54.17
1695744,4.44,4.44,54.33
1703936,4.44,4.44,54.42
1712128,4.44,4.44,54.36
1720320,4.44,4.44,54.49
1728512,4.44,4.44,54.44
1736704,4.44,4.44,54.52
1744896,4.44,4.44,54.30
1753088,4.44,4.44,54.70
1761280,4.44,4.44,54.64
1769472,4.44,4.44,54.92
1777664,4.44,4.44,54.88
1785856,4.44,4.44,54.93
1794048,4.44,4.44,54.99
1802240,4.44,4.44,54.84
1810432,4.44,4.44,54.17
1818624,4.44,4.44,55.12
1826816,4.45,4.44,54.98
1835008,4.44,4.44,55.37
1843200,4.44,4.44,55.26
1851392,4.44,4.44,55.65
1859584,4.44,4.44,55.34
1867776,4.44,4.44,55.76
1875968,4.44,4.44,55.49
1884160,4.44,4.44,55.86
1892352,4.44,4.44,55.78
1900544,4.44,4.44,55.76
1908736,4.44,4.44,55.61
1916928,4.44,4.44,55.98
1925120,4.44,4.45,54.83
1933312,4.45,4.45,55.98
1941504,4.45,4.44,55.76
1949696,4.45,4.44,56.31
1957888,4.44,4.44,55.72
1966080,4.45,4.45,56.25
1974272,4.45,4.44,56.25
1982464,4.48,4.45,56.41
1990656,4.45,4.44,56.38
1998848,4.45,4.44,56.26
2007040,4.45,4.44,56.02
2015232,4.45,4.45,56.12
2023424,4.45,4.44,56.09
2031616,4.45,4.44,55.18
2039808,4.45,4.45,56.16
2048000,4.45,4.45,56.62
2056192,4.45,4.45,56.60
2064384,4.45,4.45,56.54
2072576,4.45,4.45,56.27
2080768,4.45,4.45,56.86
2088960,4.45,4.45,56.98
2097152,4.46,4.48,56.94
2113536,4.45,4.45,65.27
2129920,5.09,5.09,60.55
2146304,5.09,5.09,62.64
2162688,5.10,5.09,60.11
2179072,4.47,4.46,59.56
2195456,4.47,4.46,60.75
2211840,4.47,4.47,61.68
2228224,4.47,4.47,62.09
2244608,4.47,4.47,62.47
2260992,4.49,4.47,65.04
2277376,4.48,4.48,67.85
2293760,4.68,4.63,68.55
2310144,4.58,4.62,66.85
2326528,4.59,4.60,69.21
2342912,4.50,4.55,70.71
2359296,4.58,4.61,62.85
2375680,4.47,4.47,59.48
2392064,4.48,4.47,61.42
2408448,4.48,4.47,59.74
2424832,4.48,4.47,62.57
2441216,4.48,4.47,60.81
2457600,4.48,4.48,63.22
2473984,4.48,4.48,62.60
2490368,4.48,4.47,57.58
2506752,4.48,4.48,57.27
2523136,4.49,4.48,63.89
2539520,4.48,4.48,63.73
2555904,4.48,4.48,56.36
2572288,4.49,4.48,65.25
2588672,4.49,4.48,64.97
2605056,4.49,4.49,64.39
2621440,4.49,4.48,65.21
2637824,4.50,4.49,68.33
2654208,4.50,4.49,69.37
2670592,5.36,5.12,72.67
2686976,5.13,5.15,69.42
2703360,5.14,5.14,79.78
2719744,4.61,4.61,73.57
2736128,4.70,4.69,79.74
2752512,5.14,5.13,82.19
2768896,5.15,5.14,71.04
2785280,4.50,4.49,59.38
2801664,4.50,4.49,68.02
2818048,4.51,4.50,68.26
2834432,4.50,4.50,68.47
2850816,4.50,4.50,69.36
2867200,4.51,4.50,69.93
2883584,4.53,4.50,67.64
2899968,4.51,4.50,70.72
2916352,4.52,4.54,66.78
2932736,4.51,4.51,69.97
2949120,4.52,4.51,71.17
2965504,4.52,4.51,65.03
2981888,4.52,4.51,70.95
2998272,4.52,4.51,72.52
3014656,4.52,4.51,72.90
3031040,4.52,4.51,72.63
3047424,4.52,4.54,70.52
3063808,4.52,4.52,59.34
3080192,4.52,4.52,72.15
3096576,4.52,4.52,73.28
3112960,4.55,4.52,70.01
3129344,4.53,4.52,71.67
3145728,4.54,4.52,76.51
3162112,4.53,4.54,76.11
3178496,4.53,4.52,71.68
3194880,4.53,4.53,77.96
3211264,4.53,4.52,77.17
3227648,4.53,4.53,57.67
3244032,4.54,4.53,68.72
3260416,4.54,4.53,78.82
3276800,4.54,4.53,77.36
3293184,4.54,4.53,78.23
3309568,4.54,4.53,78.07
3325952,4.54,4.54,80.36
3342336,4.54,4.55,80.85
3358720,4.54,4.54,81.82
3375104,4.55,4.54,82.31
3391488,4.55,4.54,81.49
3407872,4.55,4.54,82.97
3424256,4.56,4.55,82.99
3440640,4.55,4.54,83.04
3457024,4.55,4.55,83.76
3473408,4.56,4.55,83.33
3489792,4.55,4.55,85.43
3506176,4.55,4.56,85.14
3522560,4.56,4.55,86.31
3538944,4.56,4.56,85.93
3555328,4.57,4.55,87.07
3571712,4.56,4.55,87.35
3588096,4.56,4.56,87.51
3604480,4.56,4.56,86.74
3620864,4.57,4.56,88.67
3637248,4.56,4.56,86.54
3653632,4.58,4.56,82.74
3670016,4.57,4.56,56.41
3686400,4.57,4.56,90.39
3702784,4.57,4.56,89.50
3719168,4.57,4.56,85.63
3735552,4.57,4.56,77.08
3751936,4.57,4.56,91.96
3768320,4.58,4.56,58.62
3784704,4.57,4.57,92.20
3801088,4.57,4.57,93.36
3817472,4.59,4.57,93.13
3833856,4.58,4.59,93.88
3850240,4.57,4.57,79.36
3866624,4.57,4.57,94.17
3883008,4.57,4.57,95.59
3899392,4.57,4.57,92.49
3915776,4.58,4.57,96.31
3932160,4.58,4.57,96.54
3948544,4.58,4.57,91.98
3964928,4.58,4.57,97.36
3981312,4.58,4.57,96.99
3997696,4.58,4.57,97.25
4014080,4.58,4.57,98.84
4030464,4.57,4.58,98.80
4046848,4.58,4.57,93.00
4063232,4.58,4.58,78.45
4079616,4.59,4.57,99.59
4096000,4.58,4.58,100.94
4112384,4.58,4.58,95.09
4128768,4.58,4.58,74.96
4145152,4.60,4.58,65.98
4161536,4.58,4.58,102.29
4177920,4.58,4.58,102.64
4194304,4.59,4.58,103.12
4227072,4.59,4.58,103.74
4259840,4.59,4.58,104.30
4292608,4.59,4.59,104.32
4325376,4.59,4.59,101.97
4358144,4.59,4.59,83.34
4390912,4.59,4.61,107.20
4423680,4.59,4.59,106.95
4456448,4.59,4.59,109.44
4489216,4.60,4.59,109.67
4521984,4.60,4.59,110.31
4554752,4.59,4.59,111.42
4587520,4.60,4.59,111.51
4620288,4.60,4.59,112.98
4653056,4.60,4.59,113.75
4685824,4.60,4.59,62.47
4718592,4.60,4.60,111.16
4751360,4.61,4.59,115.19
4784128,4.60,4.61,117.02
4816896,4.60,4.60,117.28
4849664,4.60,4.60,117.89
4882432,4.62,4.60,118.50
4915200,4.60,4.60,119.35
4947968,4.60,4.60,115.83
4980736,4.60,4.60,120.87
5013504,4.60,4.62,106.23
5046272,4.61,4.62,96.66
5079040,4.60,4.60,123.54
5111808,5.26,5.24,125.21
5144576,4.60,4.61,122.06
5177344,4.61,4.61,60.15
5210112,4.61,4.61,119.55
5242880,4.62,4.61,126.97
5275648,5.26,5.24,126.90
5308416,4.62,4.61,126.87
5341184,4.62,4.61,127.63
5373952,4.62,4.61,128.16
5406720,4.62,4.61,128.74
5439488,4.61,4.61,92.75
5472256,4.61,4.62,31.76
5505024,4.61,4.61,133.34
5537792,4.61,4.61,130.61
5570560,4.63,4.61,128.16
5603328,4.61,4.61,123.55
5636096,4.61,4.61,93.68
5668864,4.61,4.61,124.98
5701632,5.25,5.26,124.20
5734400,4.61,4.61,133.60
5767168,4.62,4.62,83.81
5799936,4.61,4.61,133.05
5832704,4.61,4.61,135.26
5865472,4.61,4.61,135.74
5898240,4.61,4.62,136.47
5931008,4.61,4.62,131.29
5963776,4.61,4.61,137.29
5996544,4.61,4.61,137.77
6029312,4.61,4.62,62.45
6062080,4.61,4.61,138.04
6094848,4.63,4.61,62.57
6127616,4.61,4.63,139.39
6160384,4.61,4.62,139.26
6193152,4.63,4.61,140.28
6225920,4.61,4.62,139.47
6258688,4.61,4.61,141.09
6291456,4.63,4.62,141.83
6324224,4.62,4.63,141.96
6356992,4.61,4.63,142.55
6389760,4.61,4.63,142.87
6422528,4.61,4.63,143.05
6455296,4.61,4.63,143.44
6488064,4.63,4.62,144.05
6520832,4.61,4.62,144.44
6553600,4.61,4.62,145.01
6586368,4.62,4.62,145.03
6619136,4.61,4.62,145.64
6651904,4.61,4.64,145.88
6684672,4.61,4.62,146.71
6717440,4.61,4.62,146.75
6750208,4.61,4.62,146.95
6782976,4.62,4.62,147.37
6815744,4.62,4.62,84.63
6848512,4.61,4.62,143.41
6881280,4.61,4.62,148.61
6914048,4.63,4.62,148.84
6946816,4.61,4.62,149.25
6979584,4.63,4.62,149.56
7012352,5.35,5.25,68.27
7045120,4.61,4.62,150.36
7077888,4.62,4.62,145.02
7110656,4.61,4.62,151.33
7143424,4.61,4.62,151.42
7176192,4.62,4.62,151.69
7208960,4.62,4.62,151.96
7241728,4.61,4.63,151.77
7274496,4.63,4.62,153.11
7307264,4.61,4.63,152.94
7340032,4.62,4.63,151.95
7372800,4.62,4.62,153.64
7405568,4.61,4.62,154.16
7438336,4.62,4.62,153.95
7471104,4.61,4.62,161.76
7503872,4.62,4.63,155.68
7536640,4.62,5.26,156.72
7569408,4.62,4.63,156.22
7602176,4.62,4.63,155.88
7634944,4.62,4.63,157.28
7667712,4.62,4.63,144.34
7700480,4.62,4.63,156.69
7733248,4.62,4.63,156.75
7766016,4.62,4.63,157.53
7798784,4.62,4.63,157.24
7831552,4.62,4.63,158.13
7864320,4.62,4.64,157.72
7897088,4.62,4.62,159.07
7929856,4.62,4.63,157.23
7962624,4.62,4.63,155.99
7995392,4.62,4.63,159.09
8028160,4.62,4.62,63.60
8060928,4.62,4.63,159.59
8093696,4.62,4.62,160.78
8126464,4.62,4.63,160.02
8159232,4.62,4.63,161.14
8192000,4.62,4.63,161.03
8224768,4.62,4.63,161.74
8257536,4.62,4.63,158.67
8290304,4.62,4.63,162.18
8323072,4.62,4.63,161.74
8355840,4.62,4.63,162.82
8388608,4.62,4.63,162.36
